match_id,season,start_date,venue,innings,ball,batting_team,bowling_team,striker,non_striker,bowler,runs_off_bat,extras,wides,noballs,byes,legbyes,penalty,wicket_type,player_dismissed,other_wicket_type,other_player_dismissed
1449641,2024/25,2025-01-14,"Kingsmead, Durban",1,0.1,Joburg Super Kings,Durban's Super Giants,F du Plessis,DP Conway,P Subrayen,0,0,,,,,,,,,
1449641,2024/25,2025-01-14,"Kingsmead, Durban",1,0.2,Joburg Super Kings,Durban's Super Giants,F du Plessis,DP Conway,P Subrayen,1,0,,,,,,,,,
1449641,2024/25,2025-01-14,"Kingsmead, Durban",1,0.3,Joburg Super Kings,Durban's Super Giants,DP Conway,F du Plessis,P Subrayen,0,0,,,,,,,,,
1449641,2024/25,2025-01-14,"Kingsmead, Durban",1,0.4,Joburg Super Kings,Durban's Super Giants,DP Conway,F du Plessis,P Subrayen,0,0,,,,,,,,,
1449641,2024/25,2025-01-14,"Kingsmead, Durban",1,0.5,Joburg Super Kings,Durban's Super Giants,DP Conway,F du Plessis,P Subrayen,1,0,,,,,,,,,
1449641,2024/25,2025-01-14,"Kingsmead, Durban",1,0.6,Joburg Super Kings,Durban's Super Giants,F du Plessis,DP Conway,P Subrayen,0,0,,,,,,caught,F du Plessis,,
1449641,2024/25,2025-01-14,"Kingsmead, Durban",1,1.1,Joburg Super Kings,Durban's Super Giants,DP Conway,JL du Plooy,CR Woakes,0,0,,,,,,,,,
1449641,2024/25,2025-01-14,"Kingsmead, Durban",1,1.2,Joburg Super Kings,Durban's Super Giants,DP Conway,JL du Plooy,CR Woakes,0,1,,,,1,,,,,
1449641,2024/25,2025-01-14,"Kingsmead, Durban",1,1.3,Joburg Super Kings,Durban's Super Giants,JL du Plooy,DP Conway,CR Woakes,1,0,,,,,,,,,
1449641,2024/25,2025-01-14,"Kingsmead, Durban",1,1.4,Joburg Super Kings,Durban's Super Giants,DP Conway,JL du Plooy,CR Woakes,1,0,,,,,,,,,
1449641,2024/25,2025-01-14,"Kingsmead, Durban",1,1.5,Joburg Super Kings,Durban's Super Giants,JL du Plooy,DP Conway,CR Woakes,0,0,,,,,,,,,
1449641,2024/25,2025-01-14,"Kingsmead, Durban",1,1.6,Joburg Super Kings,Durban's Super Giants,JL du Plooy,DP Conway,CR Woakes,0,0,,,,,,,,,
1449641,2024/25,2025-01-14,"Kingsmead, Durban",1,2.1,Joburg Super Kings,Durban's Super Giants,DP Conway,JL du Plooy,P Subrayen,1,0,,,,,,,,,
1449641,2024/25,2025-01-14,"Kingsmead, Durban",1,2.2,Joburg Super Kings,Durban's Super Giants,JL du Plooy,DP Conway,P Subrayen,0,0,,,,,,,,,
1449641,2024/25,2025-01-14,"Kingsmead, Durban",1,2.3,Joburg Super Kings,Durban's Super Giants,JL du Plooy,DP Conway,P Subrayen,6,0,,,,,,,,,
1449641,2024/25,2025-01-14,"Kingsmead, Durban",1,2.4,Joburg Super Kings,Durban's Super Giants,JL du Plooy,DP Conway,P Subrayen,0,0,,,,,,,,,
1449641,2024/25,2025-01-14,"Kingsmead, Durban",1,2.5,Joburg Super Kings,Durban's Super Giants,JL du Plooy,DP Conway,P Subrayen,0,0,,,,,,,,,
1449641,2024/25,2025-01-14,"Kingsmead, Durban",1,2.6,Joburg Super Kings,Durban's Super Giants,JL du Plooy,DP Conway,P Subrayen,1,0,,,,,,,,,
1449641,2024/25,2025-01-14,"Kingsmead, Durban",1,3.1,Joburg Super Kings,Durban's Super Giants,JL du Plooy,DP Conway,CR Woakes,2,0,,,,,,,,,
1449641,2024/25,2025-01-14,"Kingsmead, Durban",1,3.2,Joburg Super Kings,Durban's Super Giants,JL du Plooy,DP Conway,CR Woakes,0,0,,,,,,,,,
1449641,2024/25,2025-01-14,"Kingsmead, Durban",1,3.3,Joburg Super Kings,Durban's Super Giants,JL du Plooy,DP Conway,CR Woakes,1,0,,,,,,,,,
1449641,2024/25,2025-01-14,"Kingsmead, Durban",1,3.4,Joburg Super Kings,Durban's Super Giants,DP Conway,JL du Plooy,CR Woakes,1,0,,,,,,,,,
1449641,2024/25,2025-01-14,"Kingsmead, Durban",1,3.5,Joburg Super Kings,Durban's Super Giants,JL du Plooy,DP Conway,CR Woakes,6,0,,,,,,,,,
1449641,2024/25,2025-01-14,"Kingsmead, Durban",1,3.6,Joburg Super Kings,Durban's Super Giants,JL du Plooy,DP Conway,CR Woakes,1,0,,,,,,,,,
1449641,2024/25,2025-01-14,"Kingsmead, Durban",1,4.1,Joburg Super Kings,Durban's Super Giants,JL du Plooy,DP Conway,Naveen-ul-Haq,0,0,,,,,,,,,
1449641,2024/25,2025-01-14,"Kingsmead, Durban",1,4.2,Joburg Super Kings,Durban's Super Giants,JL du Plooy,DP Conway,Naveen-ul-Haq,1,0,,,,,,,,,
1449641,2024/25,2025-01-14,"Kingsmead, Durban",1,4.3,Joburg Super Kings,Durban's Super Giants,DP Conway,JL du Plooy,Naveen-ul-Haq,0,0,,,,,,,,,
1449641,2024/25,2025-01-14,"Kingsmead, Durban",1,4.4,Joburg Super Kings,Durban's Super Giants,DP Conway,JL du Plooy,Naveen-ul-Haq,6,0,,,,,,,,,
1449641,2024/25,2025-01-14,"Kingsmead, Durban",1,4.5,Joburg Super Kings,Durban's Super Giants,DP Conway,JL du Plooy,Naveen-ul-Haq,0,0,,,,,,,,,
1449641,2024/25,2025-01-14,"Kingsmead, Durban",1,4.6,Joburg Super Kings,Durban's Super Giants,DP Conway,JL du Plooy,Naveen-ul-Haq,4,0,,,,,,,,,
1449641,2024/25,2025-01-14,"Kingsmead, Durban",1,5.1,Joburg Super Kings,Durban's Super Giants,JL du Plooy,DP Conway,P Subrayen,1,0,,,,,,,,,
1449641,2024/25,2025-01-14,"Kingsmead, Durban",1,5.2,Joburg Super Kings,Durban's Super Giants,DP Conway,JL du Plooy,P Subrayen,0,1,,,,1,,,,,
1449641,2024/25,2025-01-14,"Kingsmead, Durban",1,5.3,Joburg Super Kings,Durban's Super Giants,JL du Plooy,DP Conway,P Subrayen,1,0,,,,,,,,,
1449641,2024/25,2025-01-14,"Kingsmead, Durban",1,5.4,Joburg Super Kings,Durban's Super Giants,DP Conway,JL du Plooy,P Subrayen,1,0,,,,,,,,,
1449641,2024/25,2025-01-14,"Kingsmead, Durban",1,5.5,Joburg Super Kings,Durban's Super Giants,JL du Plooy,DP Conway,P Subrayen,2,0,,,,,,,,,
1449641,2024/25,2025-01-14,"Kingsmead, Durban",1,5.6,Joburg Super Kings,Durban's Super Giants,JL du Plooy,DP Conway,P Subrayen,4,0,,,,,,,,,
1449641,2024/25,2025-01-14,"Kingsmead, Durban",1,6.1,Joburg Super Kings,Durban's Super Giants,DP Conway,JL du Plooy,Noor Ahmad,0,0,,,,,,,,,
1449641,2024/25,2025-01-14,"Kingsmead, Durban",1,6.2,Joburg Super Kings,Durban's Super Giants,DP Conway,JL du Plooy,Noor Ahmad,0,1,1,,,,,,,,
1449641,2024/25,2025-01-14,"Kingsmead, Durban",1,6.3,Joburg Super Kings,Durban's Super Giants,DP Conway,JL du Plooy,Noor Ahmad,1,0,,,,,,,,,
1449641,2024/25,2025-01-14,"Kingsmead, Durban",1,6.4,Joburg Super Kings,Durban's Super Giants,JL du Plooy,DP Conway,Noor Ahmad,0,0,,,,,,,,,
1449641,2024/25,2025-01-14,"Kingsmead, Durban",1,6.5,Joburg Super Kings,Durban's Super Giants,JL du Plooy,DP Conway,Noor Ahmad,4,0,,,,,,,,,
1449641,2024/25,2025-01-14,"Kingsmead, Durban",1,6.6,Joburg Super Kings,Durban's Super Giants,JL du Plooy,DP Conway,Noor Ahmad,1,0,,,,,,,,,
1449641,2024/25,2025-01-14,"Kingsmead, Durban",1,6.7,Joburg Super Kings,Durban's Super Giants,DP Conway,JL du Plooy,Noor Ahmad,4,0,,,,,,,,,
1449641,2024/25,2025-01-14,"Kingsmead, Durban",1,7.1,Joburg Super Kings,Durban's Super Giants,JL du Plooy,DP Conway,KA Maharaj,1,0,,,,,,,,,
1449641,2024/25,2025-01-14,"Kingsmead, Durban",1,7.2,Joburg Super Kings,Durban's Super Giants,DP Conway,JL du Plooy,KA Maharaj,2,0,,,,,,,,,
1449641,2024/25,2025-01-14,"Kingsmead, Durban",1,7.3,Joburg Super Kings,Durban's Super Giants,DP Conway,JL du Plooy,KA Maharaj,0,0,,,,,,caught,DP Conway,,
1449641,2024/25,2025-01-14,"Kingsmead, Durban",1,7.4,Joburg Super Kings,Durban's Super Giants,JM Bairstow,JL du Plooy,KA Maharaj,0,0,,,,,,,,,
1449641,2024/25,2025-01-14,"Kingsmead, Durban",1,7.5,Joburg Super Kings,Durban's Super Giants,JM Bairstow,JL du Plooy,KA Maharaj,0,1,,,,1,,,,,
1449641,2024/25,2025-01-14,"Kingsmead, Durban",1,7.6,Joburg Super Kings,Durban's Super Giants,JL du Plooy,JM Bairstow,KA Maharaj,1,0,,,,,,,,,
1449641,2024/25,2025-01-14,"Kingsmead, Durban",1,8.1,Joburg Super Kings,Durban's Super Giants,JL du Plooy,JM Bairstow,Noor Ahmad,0,0,,,,,,,,,
1449641,2024/25,2025-01-14,"Kingsmead, Durban",1,8.2,Joburg Super Kings,Durban's Super Giants,JL du Plooy,JM Bairstow,Noor Ahmad,0,0,,,,,,,,,
1449641,2024/25,2025-01-14,"Kingsmead, Durban",1,8.3,Joburg Super Kings,Durban's Super Giants,JL du Plooy,JM Bairstow,Noor Ahmad,0,0,,,,,,,,,
1449641,2024/25,2025-01-14,"Kingsmead, Durban",1,8.4,Joburg Super Kings,Durban's Super Giants,JL du Plooy,JM Bairstow,Noor Ahmad,1,0,,,,,,,,,
1449641,2024/25,2025-01-14,"Kingsmead, Durban",1,8.5,Joburg Super Kings,Durban's Super Giants,JM Bairstow,JL du Plooy,Noor Ahmad,0,2,,1,1,,,,,,
1449641,2024/25,2025-01-14,"Kingsmead, Durban",1,8.6,Joburg Super Kings,Durban's Super Giants,JL du Plooy,JM Bairstow,Noor Ahmad,1,0,,,,,,,,,
1449641,2024/25,2025-01-14,"Kingsmead, Durban",1,8.7,Joburg Super Kings,Durban's Super Giants,JM Bairstow,JL du Plooy,Noor Ahmad,1,0,,,,,,,,,
1449641,2024/25,2025-01-14,"Kingsmead, Durban",1,9.1,Joburg Super Kings,Durban's Super Giants,JM Bairstow,JL du Plooy,KA Maharaj,1,0,,,,,,,,,
1449641,2024/25,2025-01-14,"Kingsmead, Durban",1,9.2,Joburg Super Kings,Durban's Super Giants,JL du Plooy,JM Bairstow,KA Maharaj,1,0,,,,,,,,,
1449641,2024/25,2025-01-14,"Kingsmead, Durban",1,9.3,Joburg Super Kings,Durban's Super Giants,JM Bairstow,JL du Plooy,KA Maharaj,2,0,,,,,,,,,
1449641,2024/25,2025-01-14,"Kingsmead, Durban",1,9.4,Joburg Super Kings,Durban's Super Giants,JM Bairstow,JL du Plooy,KA Maharaj,2,0,,,,,,,,,
1449641,2024/25,2025-01-14,"Kingsmead, Durban",1,9.5,Joburg Super Kings,Durban's Super Giants,JM Bairstow,JL du Plooy,KA Maharaj,1,0,,,,,,,,,
1449641,2024/25,2025-01-14,"Kingsmead, Durban",1,9.6,Joburg Super Kings,Durban's Super Giants,JL du Plooy,JM Bairstow,KA Maharaj,1,0,,,,,,,,,
1449641,2024/25,2025-01-14,"Kingsmead, Durban",1,10.1,Joburg Super Kings,Durban's Super Giants,JL du Plooy,JM Bairstow,P Subrayen,0,0,,,,,,bowled,JL du Plooy,,
1449641,2024/25,2025-01-14,"Kingsmead, Durban",1,10.2,Joburg Super Kings,Durban's Super Giants,WJ Lubbe,JM Bairstow,P Subrayen,1,0,,,,,,,,,
1449641,2024/25,2025-01-14,"Kingsmead, Durban",1,10.3,Joburg Super Kings,Durban's Super Giants,JM Bairstow,WJ Lubbe,P Subrayen,1,0,,,,,,,,,
1449641,2024/25,2025-01-14,"Kingsmead, Durban",1,10.4,Joburg Super Kings,Durban's Super Giants,WJ Lubbe,JM Bairstow,P Subrayen,2,0,,,,,,,,,
1449641,2024/25,2025-01-14,"Kingsmead, Durban",1,10.5,Joburg Super Kings,Durban's Super Giants,WJ Lubbe,JM Bairstow,P Subrayen,1,0,,,,,,,,,
1449641,2024/25,2025-01-14,"Kingsmead, Durban",1,10.6,Joburg Super Kings,Durban's Super Giants,JM Bairstow,WJ Lubbe,P Subrayen,0,0,,,,,,,,,
1449641,2024/25,2025-01-14,"Kingsmead, Durban",1,11.1,Joburg Super Kings,Durban's Super Giants,WJ Lubbe,JM Bairstow,KA Maharaj,1,0,,,,,,,,,
1449641,2024/25,2025-01-14,"Kingsmead, Durban",1,11.2,Joburg Super Kings,Durban's Super Giants,JM Bairstow,WJ Lubbe,KA Maharaj,4,0,,,,,,,,,
1449641,2024/25,2025-01-14,"Kingsmead, Durban",1,11.3,Joburg Super Kings,Durban's Super Giants,JM Bairstow,WJ Lubbe,KA Maharaj,2,0,,,,,,,,,
1449641,2024/25,2025-01-14,"Kingsmead, Durban",1,11.4,Joburg Super Kings,Durban's Super Giants,JM Bairstow,WJ Lubbe,KA Maharaj,1,0,,,,,,,,,
1449641,2024/25,2025-01-14,"Kingsmead, Durban",1,11.5,Joburg Super Kings,Durban's Super Giants,WJ Lubbe,JM Bairstow,KA Maharaj,1,0,,,,,,,,,
1449641,2024/25,2025-01-14,"Kingsmead, Durban",1,11.6,Joburg Super Kings,Durban's Super Giants,JM Bairstow,WJ Lubbe,KA Maharaj,0,4,,,4,,,,,,
1449641,2024/25,2025-01-14,"Kingsmead, Durban",1,12.1,Joburg Super Kings,Durban's Super Giants,WJ Lubbe,JM Bairstow,Naveen-ul-Haq,0,0,,,,,,,,,
1449641,2024/25,2025-01-14,"Kingsmead, Durban",1,12.2,Joburg Super Kings,Durban's Super Giants,WJ Lubbe,JM Bairstow,Naveen-ul-Haq,1,0,,,,,,,,,
1449641,2024/25,2025-01-14,"Kingsmead, Durban",1,12.3,Joburg Super Kings,Durban's Super Giants,JM Bairstow,WJ Lubbe,Naveen-ul-Haq,1,0,,,,,,,,,
1449641,2024/25,2025-01-14,"Kingsmead, Durban",1,12.4,Joburg Super Kings,Durban's Super Giants,WJ Lubbe,JM Bairstow,Naveen-ul-Haq,4,0,,,,,,,,,
1449641,2024/25,2025-01-14,"Kingsmead, Durban",1,12.5,Joburg Super Kings,Durban's Super Giants,WJ Lubbe,JM Bairstow,Naveen-ul-Haq,1,1,,1,,,,,,,
1449641,2024/25,2025-01-14,"Kingsmead, Durban",1,12.6,Joburg Super Kings,Durban's Super Giants,JM Bairstow,WJ Lubbe,Naveen-ul-Haq,1,0,,,,,,,,,
1449641,2024/25,2025-01-14,"Kingsmead, Durban",1,12.7,Joburg Super Kings,Durban's Super Giants,WJ Lubbe,JM Bairstow,Naveen-ul-Haq,1,0,,,,,,,,,
1449641,2024/25,2025-01-14,"Kingsmead, Durban",1,13.1,Joburg Super Kings,Durban's Super Giants,WJ Lubbe,JM Bairstow,KA Maharaj,2,0,,,,,,,,,
1449641,2024/25,2025-01-14,"Kingsmead, Durban",1,13.2,Joburg Super Kings,Durban's Super Giants,WJ Lubbe,JM Bairstow,KA Maharaj,2,0,,,,,,,,,
1449641,2024/25,2025-01-14,"Kingsmead, Durban",1,13.3,Joburg Super Kings,Durban's Super Giants,WJ Lubbe,JM Bairstow,KA Maharaj,0,0,,,,,,caught,WJ Lubbe,,
1449641,2024/25,2025-01-14,"Kingsmead, Durban",1,13.4,Joburg Super Kings,Durban's Super Giants,D Ferreira,JM Bairstow,KA Maharaj,1,0,,,,,,,,,
1449641,2024/25,2025-01-14,"Kingsmead, Durban",1,13.5,Joburg Super Kings,Durban's Super Giants,JM Bairstow,D Ferreira,KA Maharaj,1,0,,,,,,,,,
1449641,2024/25,2025-01-14,"Kingsmead, Durban",1,13.6,Joburg Super Kings,Durban's Super Giants,D Ferreira,JM Bairstow,KA Maharaj,1,0,,,,,,,,,
1449641,2024/25,2025-01-14,"Kingsmead, Durban",1,14.1,Joburg Super Kings,Durban's Super Giants,D Ferreira,JM Bairstow,Noor Ahmad,1,0,,,,,,,,,
1449641,2024/25,2025-01-14,"Kingsmead, Durban",1,14.2,Joburg Super Kings,Durban's Super Giants,JM Bairstow,D Ferreira,Noor Ahmad,0,1,1,,,,,,,,
1449641,2024/25,2025-01-14,"Kingsmead, Durban",1,14.3,Joburg Super Kings,Durban's Super Giants,JM Bairstow,D Ferreira,Noor Ahmad,0,0,,,,,,,,,
1449641,2024/25,2025-01-14,"Kingsmead, Durban",1,14.4,Joburg Super Kings,Durban's Super Giants,JM Bairstow,D Ferreira,Noor Ahmad,6,0,,,,,,,,,
1449641,2024/25,2025-01-14,"Kingsmead, Durban",1,14.5,Joburg Super Kings,Durban's Super Giants,JM Bairstow,D Ferreira,Noor Ahmad,1,0,,,,,,,,,
1449641,2024/25,2025-01-14,"Kingsmead, Durban",1,14.6,Joburg Super Kings,Durban's Super Giants,D Ferreira,JM Bairstow,Noor Ahmad,1,0,,,,,,,,,
1449641,2024/25,2025-01-14,"Kingsmead, Durban",1,14.7,Joburg Super Kings,Durban's Super Giants,JM Bairstow,D Ferreira,Noor Ahmad,1,0,,,,,,,,,
1449641,2024/25,2025-01-14,"Kingsmead, Durban",1,15.1,Joburg Super Kings,Durban's Super Giants,JM Bairstow,D Ferreira,CR Woakes,0,0,,,,,,caught,JM Bairstow,,
1449641,2024/25,2025-01-14,"Kingsmead, Durban",1,15.2,Joburg Super Kings,Durban's Super Giants,D Wiese,D Ferreira,CR Woakes,1,0,,,,,,,,,
1449641,2024/25,2025-01-14,"Kingsmead, Durban",1,15.3,Joburg Super Kings,Durban's Super Giants,D Ferreira,D Wiese,CR Woakes,1,0,,,,,,,,,
1449641,2024/25,2025-01-14,"Kingsmead, Durban",1,15.4,Joburg Super Kings,Durban's Super Giants,D Wiese,D Ferreira,CR Woakes,0,0,,,,,,,,,
1449641,2024/25,2025-01-14,"Kingsmead, Durban",1,15.5,Joburg Super Kings,Durban's Super Giants,D Wiese,D Ferreira,CR Woakes,1,0,,,,,,,,,
1449641,2024/25,2025-01-14,"Kingsmead, Durban",1,15.6,Joburg Super Kings,Durban's Super Giants,D Ferreira,D Wiese,CR Woakes,1,0,,,,,,,,,
1449641,2024/25,2025-01-14,"Kingsmead, Durban",1,16.1,Joburg Super Kings,Durban's Super Giants,D Ferreira,D Wiese,Noor Ahmad,0,0,,,,,,,,,
1449641,2024/25,2025-01-14,"Kingsmead, Durban",1,16.2,Joburg Super Kings,Durban's Super Giants,D Ferreira,D Wiese,Noor Ahmad,2,0,,,,,,,,,
1449641,2024/25,2025-01-14,"Kingsmead, Durban",1,16.3,Joburg Super Kings,Durban's Super Giants,D Ferreira,D Wiese,Noor Ahmad,0,0,,,,,,,,,
1449641,2024/25,2025-01-14,"Kingsmead, Durban",1,16.4,Joburg Super Kings,Durban's Super Giants,D Ferreira,D Wiese,Noor Ahmad,1,0,,,,,,,,,
1449641,2024/25,2025-01-14,"Kingsmead, Durban",1,16.5,Joburg Super Kings,Durban's Super Giants,D Wiese,D Ferreira,Noor Ahmad,0,0,,,,,,,,,
1449641,2024/25,2025-01-14,"Kingsmead, Durban",1,16.6,Joburg Super Kings,Durban's Super Giants,D Wiese,D Ferreira,Noor Ahmad,0,0,,,,,,,,,
1449641,2024/25,2025-01-14,"Kingsmead, Durban",1,17.1,Joburg Super Kings,Durban's Super Giants,D Ferreira,D Wiese,Naveen-ul-Haq,0,0,,,,,,,,,
1449641,2024/25,2025-01-14,"Kingsmead, Durban",1,17.2,Joburg Super Kings,Durban's Super Giants,D Ferreira,D Wiese,Naveen-ul-Haq,2,0,,,,,,,,,
1449641,2024/25,2025-01-14,"Kingsmead, Durban",1,17.3,Joburg Super Kings,Durban's Super Giants,D Ferreira,D Wiese,Naveen-ul-Haq,0,1,1,,,,,,,,
1449641,2024/25,2025-01-14,"Kingsmead, Durban",1,17.4,Joburg Super Kings,Durban's Super Giants,D Ferreira,D Wiese,Naveen-ul-Haq,4,0,,,,,,,,,
1449641,2024/25,2025-01-14,"Kingsmead, Durban",1,17.5,Joburg Super Kings,Durban's Super Giants,D Ferreira,D Wiese,Naveen-ul-Haq,6,0,,,,,,,,,
1449641,2024/25,2025-01-14,"Kingsmead, Durban",1,17.6,Joburg Super Kings,Durban's Super Giants,D Ferreira,D Wiese,Naveen-ul-Haq,2,0,,,,,,,,,
1449641,2024/25,2025-01-14,"Kingsmead, Durban",1,17.7,Joburg Super Kings,Durban's Super Giants,D Ferreira,D Wiese,Naveen-ul-Haq,0,0,,,,,,,,,
1449641,2024/25,2025-01-14,"Kingsmead, Durban",1,18.1,Joburg Super Kings,Durban's Super Giants,D Wiese,D Ferreira,CR Woakes,6,0,,,,,,,,,
1449641,2024/25,2025-01-14,"Kingsmead, Durban",1,18.2,Joburg Super Kings,Durban's Super Giants,D Wiese,D Ferreira,CR Woakes,1,0,,,,,,,,,
1449641,2024/25,2025-01-14,"Kingsmead, Durban",1,18.3,Joburg Super Kings,Durban's Super Giants,D Ferreira,D Wiese,CR Woakes,1,0,,,,,,,,,
1449641,2024/25,2025-01-14,"Kingsmead, Durban",1,18.4,Joburg Super Kings,Durban's Super Giants,D Wiese,D Ferreira,CR Woakes,1,0,,,,,,,,,
1449641,2024/25,2025-01-14,"Kingsmead, Durban",1,18.5,Joburg Super Kings,Durban's Super Giants,D Ferreira,D Wiese,CR Woakes,2,0,,,,,,,,,
1449641,2024/25,2025-01-14,"Kingsmead, Durban",1,18.6,Joburg Super Kings,Durban's Super Giants,D Ferreira,D Wiese,CR Woakes,0,0,,,,,,caught,D Ferreira,,
1449641,2024/25,2025-01-14,"Kingsmead, Durban",1,19.1,Joburg Super Kings,Durban's Super Giants,D Wiese,G Coetzee,Naveen-ul-Haq,1,0,,,,,,,,,
1449641,2024/25,2025-01-14,"Kingsmead, Durban",1,19.2,Joburg Super Kings,Durban's Super Giants,G Coetzee,D Wiese,Naveen-ul-Haq,1,0,,,,,,,,,
1449641,2024/25,2025-01-14,"Kingsmead, Durban",1,19.3,Joburg Super Kings,Durban's Super Giants,D Wiese,G Coetzee,Naveen-ul-Haq,0,1,1,,,,,,,,
1449641,2024/25,2025-01-14,"Kingsmead, Durban",1,19.4,Joburg Super Kings,Durban's Super Giants,D Wiese,G Coetzee,Naveen-ul-Haq,0,0,,,,,,caught,D Wiese,,
1449641,2024/25,2025-01-14,"Kingsmead, Durban",1,19.5,Joburg Super Kings,Durban's Super Giants,T Shamsi,G Coetzee,Naveen-ul-Haq,1,0,,,,,,,,,
1449641,2024/25,2025-01-14,"Kingsmead, Durban",1,19.6,Joburg Super Kings,Durban's Super Giants,G Coetzee,T Shamsi,Naveen-ul-Haq,6,0,,,,,,,,,
1449641,2024/25,2025-01-14,"Kingsmead, Durban",1,19.7,Joburg Super Kings,Durban's Super Giants,G Coetzee,T Shamsi,Naveen-ul-Haq,6,0,,,,,,,,,
1449641,2024/25,2025-01-14,"Kingsmead, Durban",2,0.1,Durban's Super Giants,Joburg Super Kings,BA King,MP Breetzke,D Wiese,0,0,,,,,,,,,
1449641,2024/25,2025-01-14,"Kingsmead, Durban",2,0.2,Durban's Super Giants,Joburg Super Kings,BA King,MP Breetzke,D Wiese,4,0,,,,,,,,,
1449641,2024/25,2025-01-14,"Kingsmead, Durban",2,0.3,Durban's Super Giants,Joburg Super Kings,BA King,MP Breetzke,D Wiese,1,0,,,,,,,,,
1449641,2024/25,2025-01-14,"Kingsmead, Durban",2,0.4,Durban's Super Giants,Joburg Super Kings,MP Breetzke,BA King,D Wiese,1,0,,,,,,,,,
1449641,2024/25,2025-01-14,"Kingsmead, Durban",2,0.5,Durban's Super Giants,Joburg Super Kings,BA King,MP Breetzke,D Wiese,0,0,,,,,,,,,
1449641,2024/25,2025-01-14,"Kingsmead, Durban",2,0.6,Durban's Super Giants,Joburg Super Kings,BA King,MP Breetzke,D Wiese,1,0,,,,,,,,,
1449641,2024/25,2025-01-14,"Kingsmead, Durban",2,1.1,Durban's Super Giants,Joburg Super Kings,BA King,MP Breetzke,G Coetzee,0,0,,,,,,,,,
1449641,2024/25,2025-01-14,"Kingsmead, Durban",2,1.2,Durban's Super Giants,Joburg Super Kings,BA King,MP Breetzke,G Coetzee,0,0,,,,,,,,,
1449641,2024/25,2025-01-14,"Kingsmead, Durban",2,1.3,Durban's Super Giants,Joburg Super Kings,BA King,MP Breetzke,G Coetzee,6,0,,,,,,,,,
1449641,2024/25,2025-01-14,"Kingsmead, Durban",2,1.4,Durban's Super Giants,Joburg Super Kings,BA King,MP Breetzke,G Coetzee,1,0,,,,,,,,,
1449641,2024/25,2025-01-14,"Kingsmead, Durban",2,1.5,Durban's Super Giants,Joburg Super Kings,MP Breetzke,BA King,G Coetzee,6,0,,,,,,,,,
1449641,2024/25,2025-01-14,"Kingsmead, Durban",2,1.6,Durban's Super Giants,Joburg Super Kings,MP Breetzke,BA King,G Coetzee,0,0,,,,,,,,,
1449641,2024/25,2025-01-14,"Kingsmead, Durban",2,2.1,Durban's Super Giants,Joburg Super Kings,BA King,MP Breetzke,D Wiese,0,0,,,,,,,,,
1449641,2024/25,2025-01-14,"Kingsmead, Durban",2,2.2,Durban's Super Giants,Joburg Super Kings,BA King,MP Breetzke,D Wiese,0,0,,,,,,,,,
1449641,2024/25,2025-01-14,"Kingsmead, Durban",2,2.3,Durban's Super Giants,Joburg Super Kings,BA King,MP Breetzke,D Wiese,0,1,,,,1,,,,,
1449641,2024/25,2025-01-14,"Kingsmead, Durban",2,2.4,Durban's Super Giants,Joburg Super Kings,MP Breetzke,BA King,D Wiese,0,0,,,,,,caught,MP Breetzke,,
1449641,2024/25,2025-01-14,"Kingsmead, Durban",2,2.5,Durban's Super Giants,Joburg Super Kings,Q de Kock,BA King,D Wiese,0,0,,,,,,,,,
1449641,2024/25,2025-01-14,"Kingsmead, Durban",2,2.6,Durban's Super Giants,Joburg Super Kings,Q de Kock,BA King,D Wiese,0,0,,,,,,,,,
1449641,2024/25,2025-01-14,"Kingsmead, Durban",2,3.1,Durban's Super Giants,Joburg Super Kings,BA King,Q de Kock,Imran Tahir,4,0,,,,,,,,,
1449641,2024/25,2025-01-14,"Kingsmead, Durban",2,3.2,Durban's Super Giants,Joburg Super Kings,BA King,Q de Kock,Imran Tahir,0,0,,,,,,bowled,BA King,,
1449641,2024/25,2025-01-14,"Kingsmead, Durban",2,3.3,Durban's Super Giants,Joburg Super Kings,PWA Mulder,Q de Kock,Imran Tahir,4,0,,,,,,,,,
1449641,2024/25,2025-01-14,"Kingsmead, Durban",2,3.4,Durban's Super Giants,Joburg Super Kings,PWA Mulder,Q de Kock,Imran Tahir,1,0,,,,,,,,,
1449641,2024/25,2025-01-14,"Kingsmead, Durban",2,3.5,Durban's Super Giants,Joburg Super Kings,Q de Kock,PWA Mulder,Imran Tahir,1,0,,,,,,,,,
1449641,2024/25,2025-01-14,"Kingsmead, Durban",2,3.6,Durban's Super Giants,Joburg Super Kings,PWA Mulder,Q de Kock,Imran Tahir,0,0,,,,,,,,,
1449641,2024/25,2025-01-14,"Kingsmead, Durban",2,4.1,Durban's Super Giants,Joburg Super Kings,Q de Kock,PWA Mulder,G Coetzee,4,0,,,,,,,,,
1449641,2024/25,2025-01-14,"Kingsmead, Durban",2,4.2,Durban's Super Giants,Joburg Super Kings,Q de Kock,PWA Mulder,G Coetzee,4,0,,,,,,,,,
1449641,2024/25,2025-01-14,"Kingsmead, Durban",2,4.3,Durban's Super Giants,Joburg Super Kings,Q de Kock,PWA Mulder,G Coetzee,1,0,,,,,,,,,
1449641,2024/25,2025-01-14,"Kingsmead, Durban",2,4.4,Durban's Super Giants,Joburg Super Kings,PWA Mulder,Q de Kock,G Coetzee,1,0,,,,,,,,,
1449641,2024/25,2025-01-14,"Kingsmead, Durban",2,4.5,Durban's Super Giants,Joburg Super Kings,Q de Kock,PWA Mulder,G Coetzee,0,1,1,,,,,,,,
1449641,2024/25,2025-01-14,"Kingsmead, Durban",2,4.6,Durban's Super Giants,Joburg Super Kings,Q de Kock,PWA Mulder,G Coetzee,1,0,,,,,,,,,
1449641,2024/25,2025-01-14,"Kingsmead, Durban",2,4.7,Durban's Super Giants,Joburg Super Kings,PWA Mulder,Q de Kock,G Coetzee,1,0,,,,,,,,,
1449641,2024/25,2025-01-14,"Kingsmead, Durban",2,5.1,Durban's Super Giants,Joburg Super Kings,PWA Mulder,Q de Kock,M Pathirana,1,0,,,,,,,,,
1449641,2024/25,2025-01-14,"Kingsmead, Durban",2,5.2,Durban's Super Giants,Joburg Super Kings,Q de Kock,PWA Mulder,M Pathirana,0,1,1,,,,,,,,
1449641,2024/25,2025-01-14,"Kingsmead, Durban",2,5.3,Durban's Super Giants,Joburg Super Kings,Q de Kock,PWA Mulder,M Pathirana,0,1,1,,,,,,,,
1449641,2024/25,2025-01-14,"Kingsmead, Durban",2,5.4,Durban's Super Giants,Joburg Super Kings,Q de Kock,PWA Mulder,M Pathirana,1,0,,,,,,,,,
1449641,2024/25,2025-01-14,"Kingsmead, Durban",2,5.5,Durban's Super Giants,Joburg Super Kings,PWA Mulder,Q de Kock,M Pathirana,1,0,,,,,,,,,
1449641,2024/25,2025-01-14,"Kingsmead, Durban",2,5.6,Durban's Super Giants,Joburg Super Kings,Q de Kock,PWA Mulder,M Pathirana,0,0,,,,,,,,,
1449641,2024/25,2025-01-14,"Kingsmead, Durban",2,5.7,Durban's Super Giants,Joburg Super Kings,Q de Kock,PWA Mulder,M Pathirana,1,0,,,,,,,,,
1449641,2024/25,2025-01-14,"Kingsmead, Durban",2,5.8,Durban's Super Giants,Joburg Super Kings,PWA Mulder,Q de Kock,M Pathirana,0,0,,,,,,,,,
1449641,2024/25,2025-01-14,"Kingsmead, Durban",2,6.1,Durban's Super Giants,Joburg Super Kings,Q de Kock,PWA Mulder,D Ferreira,1,0,,,,,,,,,
1449641,2024/25,2025-01-14,"Kingsmead, Durban",2,6.2,Durban's Super Giants,Joburg Super Kings,PWA Mulder,Q de Kock,D Ferreira,0,0,,,,,,caught,PWA Mulder,,
1449641,2024/25,2025-01-14,"Kingsmead, Durban",2,6.3,Durban's Super Giants,Joburg Super Kings,JF Smith,Q de Kock,D Ferreira,0,0,,,,,,,,,
1449641,2024/25,2025-01-14,"Kingsmead, Durban",2,6.4,Durban's Super Giants,Joburg Super Kings,JF Smith,Q de Kock,D Ferreira,0,0,,,,,,,,,
1449641,2024/25,2025-01-14,"Kingsmead, Durban",2,6.5,Durban's Super Giants,Joburg Super Kings,JF Smith,Q de Kock,D Ferreira,0,0,,,,,,caught,JF Smith,,
1449641,2024/25,2025-01-14,"Kingsmead, Durban",2,6.6,Durban's Super Giants,Joburg Super Kings,H Klaasen,Q de Kock,D Ferreira,1,0,,,,,,,,,
1449641,2024/25,2025-01-14,"Kingsmead, Durban",2,7.1,Durban's Super Giants,Joburg Super Kings,H Klaasen,Q de Kock,Imran Tahir,1,0,,,,,,,,,
1449641,2024/25,2025-01-14,"Kingsmead, Durban",2,7.2,Durban's Super Giants,Joburg Super Kings,Q de Kock,H Klaasen,Imran Tahir,1,0,,,,,,,,,
1449641,2024/25,2025-01-14,"Kingsmead, Durban",2,7.3,Durban's Super Giants,Joburg Super Kings,H Klaasen,Q de Kock,Imran Tahir,1,0,,,,,,,,,
1449641,2024/25,2025-01-14,"Kingsmead, Durban",2,7.4,Durban's Super Giants,Joburg Super Kings,Q de Kock,H Klaasen,Imran Tahir,4,0,,,,,,,,,
1449641,2024/25,2025-01-14,"Kingsmead, Durban",2,7.5,Durban's Super Giants,Joburg Super Kings,Q de Kock,H Klaasen,Imran Tahir,1,0,,,,,,,,,
1449641,2024/25,2025-01-14,"Kingsmead, Durban",2,7.6,Durban's Super Giants,Joburg Super Kings,H Klaasen,Q de Kock,Imran Tahir,1,0,,,,,,,,,
1449641,2024/25,2025-01-14,"Kingsmead, Durban",2,8.1,Durban's Super Giants,Joburg Super Kings,H Klaasen,Q de Kock,D Ferreira,1,0,,,,,,,,,
1449641,2024/25,2025-01-14,"Kingsmead, Durban",2,8.2,Durban's Super Giants,Joburg Super Kings,Q de Kock,H Klaasen,D Ferreira,1,0,,,,,,,,,
1449641,2024/25,2025-01-14,"Kingsmead, Durban",2,8.3,Durban's Super Giants,Joburg Super Kings,H Klaasen,Q de Kock,D Ferreira,1,0,,,,,,,,,
1449641,2024/25,2025-01-14,"Kingsmead, Durban",2,8.4,Durban's Super Giants,Joburg Super Kings,Q de Kock,H Klaasen,D Ferreira,1,0,,,,,,,,,
1449641,2024/25,2025-01-14,"Kingsmead, Durban",2,8.5,Durban's Super Giants,Joburg Super Kings,H Klaasen,Q de Kock,D Ferreira,0,0,,,,,,,,,
1449641,2024/25,2025-01-14,"Kingsmead, Durban",2,8.6,Durban's Super Giants,Joburg Super Kings,H Klaasen,Q de Kock,D Ferreira,0,1,1,,,,,,,,
1449641,2024/25,2025-01-14,"Kingsmead, Durban",2,8.7,Durban's Super Giants,Joburg Super Kings,H Klaasen,Q de Kock,D Ferreira,0,0,,,,,,,,,
1449641,2024/25,2025-01-14,"Kingsmead, Durban",2,9.1,Durban's Super Giants,Joburg Super Kings,Q de Kock,H Klaasen,T Shamsi,0,0,,,,,,,,,
1449641,2024/25,2025-01-14,"Kingsmead, Durban",2,9.2,Durban's Super Giants,Joburg Super Kings,Q de Kock,H Klaasen,T Shamsi,0,0,,,,,,,,,
1449641,2024/25,2025-01-14,"Kingsmead, Durban",2,9.3,Durban's Super Giants,Joburg Super Kings,Q de Kock,H Klaasen,T Shamsi,4,0,,,,,,,,,
1449641,2024/25,2025-01-14,"Kingsmead, Durban",2,9.4,Durban's Super Giants,Joburg Super Kings,Q de Kock,H Klaasen,T Shamsi,1,0,,,,,,,,,
1449641,2024/25,2025-01-14,"Kingsmead, Durban",2,9.5,Durban's Super Giants,Joburg Super Kings,H Klaasen,Q de Kock,T Shamsi,6,0,,,,,,,,,
1449641,2024/25,2025-01-14,"Kingsmead, Durban",2,9.6,Durban's Super Giants,Joburg Super Kings,H Klaasen,Q de Kock,T Shamsi,0,0,,,,,,,,,
1449641,2024/25,2025-01-14,"Kingsmead, Durban",2,10.1,Durban's Super Giants,Joburg Super Kings,Q de Kock,H Klaasen,D Ferreira,1,0,,,,,,,,,
1449641,2024/25,2025-01-14,"Kingsmead, Durban",2,10.2,Durban's Super Giants,Joburg Super Kings,H Klaasen,Q de Kock,D Ferreira,1,0,,,,,,,,,
1449641,2024/25,2025-01-14,"Kingsmead, Durban",2,10.3,Durban's Super Giants,Joburg Super Kings,Q de Kock,H Klaasen,D Ferreira,0,0,,,,,,,,,
1449641,2024/25,2025-01-14,"Kingsmead, Durban",2,10.4,Durban's Super Giants,Joburg Super Kings,Q de Kock,H Klaasen,D Ferreira,0,0,,,,,,,,,
1449641,2024/25,2025-01-14,"Kingsmead, Durban",2,10.5,Durban's Super Giants,Joburg Super Kings,Q de Kock,H Klaasen,D Ferreira,1,0,,,,,,,,,
1449641,2024/25,2025-01-14,"Kingsmead, Durban",2,10.6,Durban's Super Giants,Joburg Super Kings,H Klaasen,Q de Kock,D Ferreira,1,0,,,,,,,,,
1449641,2024/25,2025-01-14,"Kingsmead, Durban",2,11.1,Durban's Super Giants,Joburg Super Kings,H Klaasen,Q de Kock,M Pathirana,4,0,,,,,,,,,
1449641,2024/25,2025-01-14,"Kingsmead, Durban",2,11.2,Durban's Super Giants,Joburg Super Kings,H Klaasen,Q de Kock,M Pathirana,6,0,,,,,,,,,
1449641,2024/25,2025-01-14,"Kingsmead, Durban",2,11.3,Durban's Super Giants,Joburg Super Kings,H Klaasen,Q de Kock,M Pathirana,1,0,,,,,,,,,
1449641,2024/25,2025-01-14,"Kingsmead, Durban",2,11.4,Durban's Super Giants,Joburg Super Kings,Q de Kock,H Klaasen,M Pathirana,0,1,1,,,,,,,,
1449641,2024/25,2025-01-14,"Kingsmead, Durban",2,11.5,Durban's Super Giants,Joburg Super Kings,Q de Kock,H Klaasen,M Pathirana,1,0,,,,,,,,,
1449641,2024/25,2025-01-14,"Kingsmead, Durban",2,11.6,Durban's Super Giants,Joburg Super Kings,H Klaasen,Q de Kock,M Pathirana,4,0,,,,,,,,,
1449641,2024/25,2025-01-14,"Kingsmead, Durban",2,11.7,Durban's Super Giants,Joburg Super Kings,H Klaasen,Q de Kock,M Pathirana,0,1,1,,,,,,,,
1449641,2024/25,2025-01-14,"Kingsmead, Durban",2,11.8,Durban's Super Giants,Joburg Super Kings,H Klaasen,Q de Kock,M Pathirana,0,0,,,,,,caught,H Klaasen,,
1449641,2024/25,2025-01-14,"Kingsmead, Durban",2,12.1,Durban's Super Giants,Joburg Super Kings,Q de Kock,CR Woakes,D Ferreira,0,0,,,,,,,,,
1449641,2024/25,2025-01-14,"Kingsmead, Durban",2,12.2,Durban's Super Giants,Joburg Super Kings,Q de Kock,CR Woakes,D Ferreira,1,0,,,,,,,,,
1449641,2024/25,2025-01-14,"Kingsmead, Durban",2,12.3,Durban's Super Giants,Joburg Super Kings,CR Woakes,Q de Kock,D Ferreira,1,0,,,,,,,,,
1449641,2024/25,2025-01-14,"Kingsmead, Durban",2,12.4,Durban's Super Giants,Joburg Super Kings,Q de Kock,CR Woakes,D Ferreira,0,0,,,,,,,,,
1449641,2024/25,2025-01-14,"Kingsmead, Durban",2,12.5,Durban's Super Giants,Joburg Super Kings,Q de Kock,CR Woakes,D Ferreira,1,0,,,,,,,,,
1449641,2024/25,2025-01-14,"Kingsmead, Durban",2,12.6,Durban's Super Giants,Joburg Super Kings,CR Woakes,Q de Kock,D Ferreira,1,0,,,,,,,,,
1449641,2024/25,2025-01-14,"Kingsmead, Durban",2,13.1,Durban's Super Giants,Joburg Super Kings,CR Woakes,Q de Kock,Imran Tahir,1,0,,,,,,,,,
1449641,2024/25,2025-01-14,"Kingsmead, Durban",2,13.2,Durban's Super Giants,Joburg Super Kings,Q de Kock,CR Woakes,Imran Tahir,6,0,,,,,,,,,
1449641,2024/25,2025-01-14,"Kingsmead, Durban",2,13.3,Durban's Super Giants,Joburg Super Kings,Q de Kock,CR Woakes,Imran Tahir,0,0,,,,,,,,,
1449641,2024/25,2025-01-14,"Kingsmead, Durban",2,13.4,Durban's Super Giants,Joburg Super Kings,Q de Kock,CR Woakes,Imran Tahir,1,0,,,,,,,,,
1449641,2024/25,2025-01-14,"Kingsmead, Durban",2,13.5,Durban's Super Giants,Joburg Super Kings,CR Woakes,Q de Kock,Imran Tahir,1,0,,,,,,,,,
1449641,2024/25,2025-01-14,"Kingsmead, Durban",2,13.6,Durban's Super Giants,Joburg Super Kings,Q de Kock,CR Woakes,Imran Tahir,1,0,,,,,,,,,
1449641,2024/25,2025-01-14,"Kingsmead, Durban",2,14.1,Durban's Super Giants,Joburg Super Kings,Q de Kock,CR Woakes,T Shamsi,6,0,,,,,,,,,
1449641,2024/25,2025-01-14,"Kingsmead, Durban",2,14.2,Durban's Super Giants,Joburg Super Kings,Q de Kock,CR Woakes,T Shamsi,0,0,,,,,,,,,
1449641,2024/25,2025-01-14,"Kingsmead, Durban",2,14.3,Durban's Super Giants,Joburg Super Kings,Q de Kock,CR Woakes,T Shamsi,1,0,,,,,,,,,
1449641,2024/25,2025-01-14,"Kingsmead, Durban",2,14.4,Durban's Super Giants,Joburg Super Kings,CR Woakes,Q de Kock,T Shamsi,0,0,,,,,,bowled,CR Woakes,,
1449641,2024/25,2025-01-14,"Kingsmead, Durban",2,14.5,Durban's Super Giants,Joburg Super Kings,KA Maharaj,Q de Kock,T Shamsi,0,0,,,,,,,,,
1449641,2024/25,2025-01-14,"Kingsmead, Durban",2,14.6,Durban's Super Giants,Joburg Super Kings,KA Maharaj,Q de Kock,T Shamsi,0,0,,,,,,lbw,KA Maharaj,,
1449641,2024/25,2025-01-14,"Kingsmead, Durban",2,15.1,Durban's Super Giants,Joburg Super Kings,Q de Kock,P Subrayen,D Wiese,1,0,,,,,,,,,
1449641,2024/25,2025-01-14,"Kingsmead, Durban",2,15.2,Durban's Super Giants,Joburg Super Kings,P Subrayen,Q de Kock,D Wiese,0,0,,,,,,,,,
1449641,2024/25,2025-01-14,"Kingsmead, Durban",2,15.3,Durban's Super Giants,Joburg Super Kings,P Subrayen,Q de Kock,D Wiese,1,0,,,,,,run out,P Subrayen,,
1449641,2024/25,2025-01-14,"Kingsmead, Durban",2,15.4,Durban's Super Giants,Joburg Super Kings,Noor Ahmad,Q de Kock,D Wiese,1,0,,,,,,,,,
1449641,2024/25,2025-01-14,"Kingsmead, Durban",2,15.5,Durban's Super Giants,Joburg Super Kings,Q de Kock,Noor Ahmad,D Wiese,0,0,,,,,,,,,
1449641,2024/25,2025-01-14,"Kingsmead, Durban",2,15.6,Durban's Super Giants,Joburg Super Kings,Q de Kock,Noor Ahmad,D Wiese,0,1,1,,,,,,,,
1449641,2024/25,2025-01-14,"Kingsmead, Durban",2,15.7,Durban's Super Giants,Joburg Super Kings,Q de Kock,Noor Ahmad,D Wiese,1,0,,,,,,,,,
1449641,2024/25,2025-01-14,"Kingsmead, Durban",2,16.1,Durban's Super Giants,Joburg Super Kings,Q de Kock,Noor Ahmad,M Pathirana,0,1,1,,,,,,,,
1449641,2024/25,2025-01-14,"Kingsmead, Durban",2,16.2,Durban's Super Giants,Joburg Super Kings,Q de Kock,Noor Ahmad,M Pathirana,4,0,,,,,,,,,
1449641,2024/25,2025-01-14,"Kingsmead, Durban",2,16.3,Durban's Super Giants,Joburg Super Kings,Q de Kock,Noor Ahmad,M Pathirana,0,0,,,,,,,,,
1449641,2024/25,2025-01-14,"Kingsmead, Durban",2,16.4,Durban's Super Giants,Joburg Super Kings,Q de Kock,Noor Ahmad,M Pathirana,0,0,,,,,,,,,
1449641,2024/25,2025-01-14,"Kingsmead, Durban",2,16.5,Durban's Super Giants,Joburg Super Kings,Q de Kock,Noor Ahmad,M Pathirana,0,1,1,,,,,,,,
1449641,2024/25,2025-01-14,"Kingsmead, Durban",2,16.6,Durban's Super Giants,Joburg Super Kings,Q de Kock,Noor Ahmad,M Pathirana,1,0,,,,,,,,,
1449641,2024/25,2025-01-14,"Kingsmead, Durban",2,16.7,Durban's Super Giants,Joburg Super Kings,Noor Ahmad,Q de Kock,M Pathirana,0,1,1,,,,,,,,
1449641,2024/25,2025-01-14,"Kingsmead, Durban",2,16.8,Durban's Super Giants,Joburg Super Kings,Noor Ahmad,Q de Kock,M Pathirana,1,0,,,,,,,,,
1449641,2024/25,2025-01-14,"Kingsmead, Durban",2,16.9,Durban's Super Giants,Joburg Super Kings,Q de Kock,Noor Ahmad,M Pathirana,1,0,,,,,,,,,
1449641,2024/25,2025-01-14,"Kingsmead, Durban",2,17.1,Durban's Super Giants,Joburg Super Kings,Q de Kock,Noor Ahmad,G Coetzee,0,0,,,,,,caught,Q de Kock,,
1449641,2024/25,2025-01-14,"Kingsmead, Durban",2,17.2,Durban's Super Giants,Joburg Super Kings,Naveen-ul-Haq,Noor Ahmad,G Coetzee,1,0,,,,,,,,,
1449641,2024/25,2025-01-14,"Kingsmead, Durban",2,17.3,Durban's Super Giants,Joburg Super Kings,Noor Ahmad,Naveen-ul-Haq,G Coetzee,5,0,,,,,,,,,
1449641,2024/25,2025-01-14,"Kingsmead, Durban",2,17.4,Durban's Super Giants,Joburg Super Kings,Naveen-ul-Haq,Noor Ahmad,G Coetzee,0,0,,,,,,,,,
1449641,2024/25,2025-01-14,"Kingsmead, Durban",2,17.5,Durban's Super Giants,Joburg Super Kings,Naveen-ul-Haq,Noor Ahmad,G Coetzee,0,0,,,,,,,,,
1449641,2024/25,2025-01-14,"Kingsmead, Durban",2,17.6,Durban's Super Giants,Joburg Super Kings,Naveen-ul-Haq,Noor Ahmad,G Coetzee,0,0,,,,,,caught,Naveen-ul-Haq,,
