match_id,season,start_date,venue,innings,ball,batting_team,bowling_team,striker,non_striker,bowler,runs_off_bat,extras,wides,noballs,byes,legbyes,penalty,wicket_type,player_dismissed,other_wicket_type,other_player_dismissed
1392669,2023/24,2024-01-25,"SuperSport Park, Centurion",2,0.1,Sunrisers Eastern Cape,Pretoria Capitals,AM Rossington,DJ Malan,E Bosch,0,0,,,,,,,,,
1392669,2023/24,2024-01-25,"SuperSport Park, Centurion",2,0.2,Sunrisers Eastern Cape,Pretoria Capitals,AM Rossington,DJ Malan,E Bosch,0,0,,,,,,,,,
1392669,2023/24,2024-01-25,"SuperSport Park, Centurion",2,0.3,Sunrisers Eastern Cape,Pretoria Capitals,AM Rossington,DJ Malan,E Bosch,0,0,,,,,,,,,
1392669,2023/24,2024-01-25,"SuperSport Park, Centurion",2,0.4,Sunrisers Eastern Cape,Pretoria Capitals,AM Rossington,DJ Malan,E Bosch,4,0,,,,,,,,,
1392669,2023/24,2024-01-25,"SuperSport Park, Centurion",2,0.5,Sunrisers Eastern Cape,Pretoria Capitals,AM Rossington,DJ Malan,E Bosch,0,0,,,,,,,,,
1392669,2023/24,2024-01-25,"SuperSport Park, Centurion",2,0.6,Sunrisers Eastern Cape,Pretoria Capitals,AM Rossington,DJ Malan,E Bosch,0,0,,,,,,,,,
1392669,2023/24,2024-01-25,"SuperSport Park, Centurion",2,1.1,Sunrisers Eastern Cape,Pretoria Capitals,DJ Malan,AM Rossington,DM Dupavillon,4,0,,,,,,,,,
1392669,2023/24,2024-01-25,"SuperSport Park, Centurion",2,1.2,Sunrisers Eastern Cape,Pretoria Capitals,DJ Malan,AM Rossington,DM Dupavillon,0,0,,,,,,,,,
1392669,2023/24,2024-01-25,"SuperSport Park, Centurion",2,1.3,Sunrisers Eastern Cape,Pretoria Capitals,DJ Malan,AM Rossington,DM Dupavillon,0,0,,,,,,,,,
1392669,2023/24,2024-01-25,"SuperSport Park, Centurion",2,1.4,Sunrisers Eastern Cape,Pretoria Capitals,DJ Malan,AM Rossington,DM Dupavillon,1,0,,,,,,,,,
1392669,2023/24,2024-01-25,"SuperSport Park, Centurion",2,1.5,Sunrisers Eastern Cape,Pretoria Capitals,AM Rossington,DJ Malan,DM Dupavillon,0,0,,,,,,,,,
1392669,2023/24,2024-01-25,"SuperSport Park, Centurion",2,1.6,Sunrisers Eastern Cape,Pretoria Capitals,AM Rossington,DJ Malan,DM Dupavillon,0,0,,,,,,,,,
1392669,2023/24,2024-01-25,"SuperSport Park, Centurion",2,2.1,Sunrisers Eastern Cape,Pretoria Capitals,DJ Malan,AM Rossington,E Bosch,0,0,,,,,,,,,
1392669,2023/24,2024-01-25,"SuperSport Park, Centurion",2,2.2,Sunrisers Eastern Cape,Pretoria Capitals,DJ Malan,AM Rossington,E Bosch,0,0,,,,,,,,,
1392669,2023/24,2024-01-25,"SuperSport Park, Centurion",2,2.3,Sunrisers Eastern Cape,Pretoria Capitals,DJ Malan,AM Rossington,E Bosch,0,0,,,,,,,,,
1392669,2023/24,2024-01-25,"SuperSport Park, Centurion",2,2.4,Sunrisers Eastern Cape,Pretoria Capitals,DJ Malan,AM Rossington,E Bosch,1,0,,,,,,,,,
1392669,2023/24,2024-01-25,"SuperSport Park, Centurion",2,2.5,Sunrisers Eastern Cape,Pretoria Capitals,AM Rossington,DJ Malan,E Bosch,0,0,,,,,,bowled,AM Rossington,,
1392669,2023/24,2024-01-25,"SuperSport Park, Centurion",2,2.6,Sunrisers Eastern Cape,Pretoria Capitals,J Hermann,DJ Malan,E Bosch,0,0,,,,,,,,,
1392669,2023/24,2024-01-25,"SuperSport Park, Centurion",2,3.1,Sunrisers Eastern Cape,Pretoria Capitals,DJ Malan,J Hermann,DM Dupavillon,0,0,,,,,,lbw,DJ Malan,,
1392669,2023/24,2024-01-25,"SuperSport Park, Centurion",2,3.2,Sunrisers Eastern Cape,Pretoria Capitals,AK Markram,J Hermann,DM Dupavillon,0,1,1.0,,,,,,,,
1392669,2023/24,2024-01-25,"SuperSport Park, Centurion",2,3.3,Sunrisers Eastern Cape,Pretoria Capitals,AK Markram,J Hermann,DM Dupavillon,1,0,,,,,,,,,
1392669,2023/24,2024-01-25,"SuperSport Park, Centurion",2,3.4,Sunrisers Eastern Cape,Pretoria Capitals,J Hermann,AK Markram,DM Dupavillon,4,0,,,,,,,,,
1392669,2023/24,2024-01-25,"SuperSport Park, Centurion",2,3.5,Sunrisers Eastern Cape,Pretoria Capitals,J Hermann,AK Markram,DM Dupavillon,0,0,,,,,,,,,
1392669,2023/24,2024-01-25,"SuperSport Park, Centurion",2,3.6,Sunrisers Eastern Cape,Pretoria Capitals,J Hermann,AK Markram,DM Dupavillon,0,0,,,,,,,,,
1392669,2023/24,2024-01-25,"SuperSport Park, Centurion",2,3.7,Sunrisers Eastern Cape,Pretoria Capitals,J Hermann,AK Markram,DM Dupavillon,0,1,1.0,,,,,,,,
1392669,2023/24,2024-01-25,"SuperSport Park, Centurion",2,3.8,Sunrisers Eastern Cape,Pretoria Capitals,J Hermann,AK Markram,DM Dupavillon,0,0,,,,,,,,,
1392669,2023/24,2024-01-25,"SuperSport Park, Centurion",2,4.1,Sunrisers Eastern Cape,Pretoria Capitals,AK Markram,J Hermann,E Bosch,1,0,,,,,,,,,
1392669,2023/24,2024-01-25,"SuperSport Park, Centurion",2,4.2,Sunrisers Eastern Cape,Pretoria Capitals,J Hermann,AK Markram,E Bosch,1,0,,,,,,,,,
1392669,2023/24,2024-01-25,"SuperSport Park, Centurion",2,4.3,Sunrisers Eastern Cape,Pretoria Capitals,AK Markram,J Hermann,E Bosch,0,0,,,,,,,,,
1392669,2023/24,2024-01-25,"SuperSport Park, Centurion",2,4.4,Sunrisers Eastern Cape,Pretoria Capitals,AK Markram,J Hermann,E Bosch,0,0,,,,,,,,,
1392669,2023/24,2024-01-25,"SuperSport Park, Centurion",2,4.5,Sunrisers Eastern Cape,Pretoria Capitals,AK Markram,J Hermann,E Bosch,1,0,,,,,,,,,
1392669,2023/24,2024-01-25,"SuperSport Park, Centurion",2,4.6,Sunrisers Eastern Cape,Pretoria Capitals,J Hermann,AK Markram,E Bosch,0,0,,,,,,,,,
1392669,2023/24,2024-01-25,"SuperSport Park, Centurion",2,5.1,Sunrisers Eastern Cape,Pretoria Capitals,AK Markram,J Hermann,DM Dupavillon,0,0,,,,,,,,,
1392669,2023/24,2024-01-25,"SuperSport Park, Centurion",2,5.2,Sunrisers Eastern Cape,Pretoria Capitals,AK Markram,J Hermann,DM Dupavillon,0,0,,,,,,,,,
1392669,2023/24,2024-01-25,"SuperSport Park, Centurion",2,5.3,Sunrisers Eastern Cape,Pretoria Capitals,AK Markram,J Hermann,DM Dupavillon,0,0,,,,,,caught,AK Markram,,
1392669,2023/24,2024-01-25,"SuperSport Park, Centurion",2,5.4,Sunrisers Eastern Cape,Pretoria Capitals,T Stubbs,J Hermann,DM Dupavillon,0,0,,,,,,,,,
1392669,2023/24,2024-01-25,"SuperSport Park, Centurion",2,5.5,Sunrisers Eastern Cape,Pretoria Capitals,T Stubbs,J Hermann,DM Dupavillon,2,0,,,,,,,,,
1392669,2023/24,2024-01-25,"SuperSport Park, Centurion",2,5.6,Sunrisers Eastern Cape,Pretoria Capitals,T Stubbs,J Hermann,DM Dupavillon,0,0,,,,,,,,,
1392669,2023/24,2024-01-25,"SuperSport Park, Centurion",2,6.1,Sunrisers Eastern Cape,Pretoria Capitals,J Hermann,T Stubbs,AU Rashid,1,0,,,,,,,,,
1392669,2023/24,2024-01-25,"SuperSport Park, Centurion",2,6.2,Sunrisers Eastern Cape,Pretoria Capitals,T Stubbs,J Hermann,AU Rashid,1,0,,,,,,,,,
1392669,2023/24,2024-01-25,"SuperSport Park, Centurion",2,6.3,Sunrisers Eastern Cape,Pretoria Capitals,J Hermann,T Stubbs,AU Rashid,1,0,,,,,,,,,
1392669,2023/24,2024-01-25,"SuperSport Park, Centurion",2,6.4,Sunrisers Eastern Cape,Pretoria Capitals,T Stubbs,J Hermann,AU Rashid,0,0,,,,,,,,,
1392669,2023/24,2024-01-25,"SuperSport Park, Centurion",2,6.5,Sunrisers Eastern Cape,Pretoria Capitals,T Stubbs,J Hermann,AU Rashid,1,0,,,,,,,,,
1392669,2023/24,2024-01-25,"SuperSport Park, Centurion",2,6.6,Sunrisers Eastern Cape,Pretoria Capitals,J Hermann,T Stubbs,AU Rashid,0,4,,,4.0,,,,,,
1392669,2023/24,2024-01-25,"SuperSport Park, Centurion",2,7.1,Sunrisers Eastern Cape,Pretoria Capitals,T Stubbs,J Hermann,WD Parnell,1,0,,,,,,,,,
1392669,2023/24,2024-01-25,"SuperSport Park, Centurion",2,7.2,Sunrisers Eastern Cape,Pretoria Capitals,J Hermann,T Stubbs,WD Parnell,1,0,,,,,,,,,
1392669,2023/24,2024-01-25,"SuperSport Park, Centurion",2,7.3,Sunrisers Eastern Cape,Pretoria Capitals,T Stubbs,J Hermann,WD Parnell,0,0,,,,,,,,,
1392669,2023/24,2024-01-25,"SuperSport Park, Centurion",2,7.4,Sunrisers Eastern Cape,Pretoria Capitals,T Stubbs,J Hermann,WD Parnell,0,0,,,,,,,,,
1392669,2023/24,2024-01-25,"SuperSport Park, Centurion",2,7.5,Sunrisers Eastern Cape,Pretoria Capitals,T Stubbs,J Hermann,WD Parnell,0,0,,,,,,,,,
1392669,2023/24,2024-01-25,"SuperSport Park, Centurion",2,7.6,Sunrisers Eastern Cape,Pretoria Capitals,T Stubbs,J Hermann,WD Parnell,0,0,,,,,,,,,
1392669,2023/24,2024-01-25,"SuperSport Park, Centurion",2,8.1,Sunrisers Eastern Cape,Pretoria Capitals,J Hermann,T Stubbs,AU Rashid,0,0,,,,,,,,,
1392669,2023/24,2024-01-25,"SuperSport Park, Centurion",2,8.2,Sunrisers Eastern Cape,Pretoria Capitals,J Hermann,T Stubbs,AU Rashid,0,0,,,,,,caught,J Hermann,,
1392669,2023/24,2024-01-25,"SuperSport Park, Centurion",2,8.3,Sunrisers Eastern Cape,Pretoria Capitals,PE Kruger,T Stubbs,AU Rashid,0,0,,,,,,,,,
1392669,2023/24,2024-01-25,"SuperSport Park, Centurion",2,8.4,Sunrisers Eastern Cape,Pretoria Capitals,PE Kruger,T Stubbs,AU Rashid,4,0,,,,,,,,,
1392669,2023/24,2024-01-25,"SuperSport Park, Centurion",2,8.5,Sunrisers Eastern Cape,Pretoria Capitals,PE Kruger,T Stubbs,AU Rashid,1,0,,,,,,,,,
1392669,2023/24,2024-01-25,"SuperSport Park, Centurion",2,8.6,Sunrisers Eastern Cape,Pretoria Capitals,T Stubbs,PE Kruger,AU Rashid,1,0,,,,,,,,,
1392669,2023/24,2024-01-25,"SuperSport Park, Centurion",2,9.1,Sunrisers Eastern Cape,Pretoria Capitals,T Stubbs,PE Kruger,WG Jacks,1,0,,,,,,,,,
1392669,2023/24,2024-01-25,"SuperSport Park, Centurion",2,9.2,Sunrisers Eastern Cape,Pretoria Capitals,PE Kruger,T Stubbs,WG Jacks,0,0,,,,,,,,,
1392669,2023/24,2024-01-25,"SuperSport Park, Centurion",2,9.3,Sunrisers Eastern Cape,Pretoria Capitals,PE Kruger,T Stubbs,WG Jacks,0,0,,,,,,,,,
1392669,2023/24,2024-01-25,"SuperSport Park, Centurion",2,9.4,Sunrisers Eastern Cape,Pretoria Capitals,PE Kruger,T Stubbs,WG Jacks,0,0,,,,,,,,,
1392669,2023/24,2024-01-25,"SuperSport Park, Centurion",2,9.5,Sunrisers Eastern Cape,Pretoria Capitals,PE Kruger,T Stubbs,WG Jacks,1,0,,,,,,,,,
1392669,2023/24,2024-01-25,"SuperSport Park, Centurion",2,9.6,Sunrisers Eastern Cape,Pretoria Capitals,T Stubbs,PE Kruger,WG Jacks,1,0,,,,,,,,,
1392669,2023/24,2024-01-25,"SuperSport Park, Centurion",2,10.1,Sunrisers Eastern Cape,Pretoria Capitals,T Stubbs,PE Kruger,AU Rashid,1,0,,,,,,,,,
1392669,2023/24,2024-01-25,"SuperSport Park, Centurion",2,10.2,Sunrisers Eastern Cape,Pretoria Capitals,PE Kruger,T Stubbs,AU Rashid,0,0,,,,,,,,,
1392669,2023/24,2024-01-25,"SuperSport Park, Centurion",2,10.3,Sunrisers Eastern Cape,Pretoria Capitals,PE Kruger,T Stubbs,AU Rashid,6,0,,,,,,,,,
1392669,2023/24,2024-01-25,"SuperSport Park, Centurion",2,10.4,Sunrisers Eastern Cape,Pretoria Capitals,PE Kruger,T Stubbs,AU Rashid,1,0,,,,,,,,,
1392669,2023/24,2024-01-25,"SuperSport Park, Centurion",2,10.5,Sunrisers Eastern Cape,Pretoria Capitals,T Stubbs,PE Kruger,AU Rashid,1,0,,,,,,,,,
1392669,2023/24,2024-01-25,"SuperSport Park, Centurion",2,10.6,Sunrisers Eastern Cape,Pretoria Capitals,PE Kruger,T Stubbs,AU Rashid,1,0,,,,,,,,,
1392669,2023/24,2024-01-25,"SuperSport Park, Centurion",2,11.1,Sunrisers Eastern Cape,Pretoria Capitals,PE Kruger,T Stubbs,WD Parnell,1,0,,,,,,,,,
1392669,2023/24,2024-01-25,"SuperSport Park, Centurion",2,11.2,Sunrisers Eastern Cape,Pretoria Capitals,T Stubbs,PE Kruger,WD Parnell,0,0,,,,,,,,,
1392669,2023/24,2024-01-25,"SuperSport Park, Centurion",2,11.3,Sunrisers Eastern Cape,Pretoria Capitals,T Stubbs,PE Kruger,WD Parnell,4,0,,,,,,,,,
1392669,2023/24,2024-01-25,"SuperSport Park, Centurion",2,11.4,Sunrisers Eastern Cape,Pretoria Capitals,T Stubbs,PE Kruger,WD Parnell,4,0,,,,,,,,,
1392669,2023/24,2024-01-25,"SuperSport Park, Centurion",2,11.5,Sunrisers Eastern Cape,Pretoria Capitals,T Stubbs,PE Kruger,WD Parnell,1,0,,,,,,,,,
1392669,2023/24,2024-01-25,"SuperSport Park, Centurion",2,11.6,Sunrisers Eastern Cape,Pretoria Capitals,PE Kruger,T Stubbs,WD Parnell,4,0,,,,,,,,,
1392669,2023/24,2024-01-25,"SuperSport Park, Centurion",2,12.1,Sunrisers Eastern Cape,Pretoria Capitals,T Stubbs,PE Kruger,E Bosch,1,0,,,,,,,,,
1392669,2023/24,2024-01-25,"SuperSport Park, Centurion",2,12.2,Sunrisers Eastern Cape,Pretoria Capitals,PE Kruger,T Stubbs,E Bosch,1,0,,,,,,,,,
1392669,2023/24,2024-01-25,"SuperSport Park, Centurion",2,12.3,Sunrisers Eastern Cape,Pretoria Capitals,T Stubbs,PE Kruger,E Bosch,0,0,,,,,,,,,
1392669,2023/24,2024-01-25,"SuperSport Park, Centurion",2,12.4,Sunrisers Eastern Cape,Pretoria Capitals,T Stubbs,PE Kruger,E Bosch,1,0,,,,,,,,,
1392669,2023/24,2024-01-25,"SuperSport Park, Centurion",2,12.5,Sunrisers Eastern Cape,Pretoria Capitals,PE Kruger,T Stubbs,E Bosch,0,0,,,,,,,,,
1392669,2023/24,2024-01-25,"SuperSport Park, Centurion",2,12.6,Sunrisers Eastern Cape,Pretoria Capitals,PE Kruger,T Stubbs,E Bosch,0,0,,,,,,,,,
1392669,2023/24,2024-01-25,"SuperSport Park, Centurion",2,13.1,Sunrisers Eastern Cape,Pretoria Capitals,T Stubbs,PE Kruger,WG Jacks,1,0,,,,,,,,,
1392669,2023/24,2024-01-25,"SuperSport Park, Centurion",2,13.2,Sunrisers Eastern Cape,Pretoria Capitals,PE Kruger,T Stubbs,WG Jacks,0,0,,,,,,,,,
1392669,2023/24,2024-01-25,"SuperSport Park, Centurion",2,13.3,Sunrisers Eastern Cape,Pretoria Capitals,PE Kruger,T Stubbs,WG Jacks,1,0,,,,,,,,,
1392669,2023/24,2024-01-25,"SuperSport Park, Centurion",2,13.4,Sunrisers Eastern Cape,Pretoria Capitals,T Stubbs,PE Kruger,WG Jacks,1,0,,,,,,,,,
1392669,2023/24,2024-01-25,"SuperSport Park, Centurion",2,13.5,Sunrisers Eastern Cape,Pretoria Capitals,PE Kruger,T Stubbs,WG Jacks,0,0,,,,,,,,,
1392669,2023/24,2024-01-25,"SuperSport Park, Centurion",2,13.6,Sunrisers Eastern Cape,Pretoria Capitals,PE Kruger,T Stubbs,WG Jacks,1,0,,,,,,,,,
1392669,2023/24,2024-01-25,"SuperSport Park, Centurion",2,14.1,Sunrisers Eastern Cape,Pretoria Capitals,PE Kruger,T Stubbs,WD Parnell,0,0,,,,,,caught,PE Kruger,,
1392669,2023/24,2024-01-25,"SuperSport Park, Centurion",2,14.2,Sunrisers Eastern Cape,Pretoria Capitals,M Jansen,T Stubbs,WD Parnell,0,0,,,,,,,,,
1392669,2023/24,2024-01-25,"SuperSport Park, Centurion",2,14.3,Sunrisers Eastern Cape,Pretoria Capitals,M Jansen,T Stubbs,WD Parnell,0,0,,,,,,,,,
1392669,2023/24,2024-01-25,"SuperSport Park, Centurion",2,14.4,Sunrisers Eastern Cape,Pretoria Capitals,M Jansen,T Stubbs,WD Parnell,0,0,,,,,,,,,
1392669,2023/24,2024-01-25,"SuperSport Park, Centurion",2,14.5,Sunrisers Eastern Cape,Pretoria Capitals,M Jansen,T Stubbs,WD Parnell,0,0,,,,,,caught,M Jansen,,
1392669,2023/24,2024-01-25,"SuperSport Park, Centurion",2,14.6,Sunrisers Eastern Cape,Pretoria Capitals,LA Dawson,T Stubbs,WD Parnell,0,0,,,,,,,,,
1392669,2023/24,2024-01-25,"SuperSport Park, Centurion",2,15.1,Sunrisers Eastern Cape,Pretoria Capitals,T Stubbs,LA Dawson,WG Jacks,1,0,,,,,,,,,
1392669,2023/24,2024-01-25,"SuperSport Park, Centurion",2,15.2,Sunrisers Eastern Cape,Pretoria Capitals,LA Dawson,T Stubbs,WG Jacks,1,0,,,,,,,,,
1392669,2023/24,2024-01-25,"SuperSport Park, Centurion",2,15.3,Sunrisers Eastern Cape,Pretoria Capitals,T Stubbs,LA Dawson,WG Jacks,4,0,,,,,,,,,
1392669,2023/24,2024-01-25,"SuperSport Park, Centurion",2,15.4,Sunrisers Eastern Cape,Pretoria Capitals,T Stubbs,LA Dawson,WG Jacks,1,0,,,,,,,,,
1392669,2023/24,2024-01-25,"SuperSport Park, Centurion",2,15.5,Sunrisers Eastern Cape,Pretoria Capitals,LA Dawson,T Stubbs,WG Jacks,0,0,,,,,,,,,
1392669,2023/24,2024-01-25,"SuperSport Park, Centurion",2,15.6,Sunrisers Eastern Cape,Pretoria Capitals,LA Dawson,T Stubbs,WG Jacks,1,0,,,,,,,,,
1392669,2023/24,2024-01-25,"SuperSport Park, Centurion",2,16.1,Sunrisers Eastern Cape,Pretoria Capitals,LA Dawson,T Stubbs,AU Rashid,0,1,1.0,,,,,,,,
1392669,2023/24,2024-01-25,"SuperSport Park, Centurion",2,16.2,Sunrisers Eastern Cape,Pretoria Capitals,LA Dawson,T Stubbs,AU Rashid,2,0,,,,,,,,,
1392669,2023/24,2024-01-25,"SuperSport Park, Centurion",2,16.3,Sunrisers Eastern Cape,Pretoria Capitals,LA Dawson,T Stubbs,AU Rashid,1,0,,,,,,,,,
1392669,2023/24,2024-01-25,"SuperSport Park, Centurion",2,16.4,Sunrisers Eastern Cape,Pretoria Capitals,T Stubbs,LA Dawson,AU Rashid,6,0,,,,,,,,,
1392669,2023/24,2024-01-25,"SuperSport Park, Centurion",2,16.5,Sunrisers Eastern Cape,Pretoria Capitals,T Stubbs,LA Dawson,AU Rashid,0,0,,,,,,caught,T Stubbs,,
1392669,2023/24,2024-01-25,"SuperSport Park, Centurion",2,16.6,Sunrisers Eastern Cape,Pretoria Capitals,B Swanepoel,LA Dawson,AU Rashid,0,0,,,,,,,,,
1392669,2023/24,2024-01-25,"SuperSport Park, Centurion",2,16.7,Sunrisers Eastern Cape,Pretoria Capitals,B Swanepoel,LA Dawson,AU Rashid,0,0,,,,,,caught,B Swanepoel,,
1392669,2023/24,2024-01-25,"SuperSport Park, Centurion",2,17.1,Sunrisers Eastern Cape,Pretoria Capitals,LA Dawson,SR Harmer,WG Jacks,1,0,,,,,,,,,
1392669,2023/24,2024-01-25,"SuperSport Park, Centurion",2,17.2,Sunrisers Eastern Cape,Pretoria Capitals,SR Harmer,LA Dawson,WG Jacks,1,0,,,,,,,,,
1392669,2023/24,2024-01-25,"SuperSport Park, Centurion",2,17.3,Sunrisers Eastern Cape,Pretoria Capitals,LA Dawson,SR Harmer,WG Jacks,0,0,,,,,,,,,
1392669,2023/24,2024-01-25,"SuperSport Park, Centurion",2,17.4,Sunrisers Eastern Cape,Pretoria Capitals,LA Dawson,SR Harmer,WG Jacks,1,0,,,,,,,,,
1392669,2023/24,2024-01-25,"SuperSport Park, Centurion",2,17.5,Sunrisers Eastern Cape,Pretoria Capitals,SR Harmer,LA Dawson,WG Jacks,1,0,,,,,,,,,
1392669,2023/24,2024-01-25,"SuperSport Park, Centurion",2,17.6,Sunrisers Eastern Cape,Pretoria Capitals,LA Dawson,SR Harmer,WG Jacks,4,0,,,,,,,,,
1392669,2023/24,2024-01-25,"SuperSport Park, Centurion",2,18.1,Sunrisers Eastern Cape,Pretoria Capitals,SR Harmer,LA Dawson,WD Parnell,4,0,,,,,,,,,
1392669,2023/24,2024-01-25,"SuperSport Park, Centurion",2,18.2,Sunrisers Eastern Cape,Pretoria Capitals,SR Harmer,LA Dawson,WD Parnell,0,0,,,,,,caught,SR Harmer,,
1392669,2023/24,2024-01-25,"SuperSport Park, Centurion",2,18.3,Sunrisers Eastern Cape,Pretoria Capitals,DJ Worrall,LA Dawson,WD Parnell,1,0,,,,,,,,,
1392669,2023/24,2024-01-25,"SuperSport Park, Centurion",2,18.4,Sunrisers Eastern Cape,Pretoria Capitals,LA Dawson,DJ Worrall,WD Parnell,6,0,,,,,,,,,
1392669,2023/24,2024-01-25,"SuperSport Park, Centurion",2,18.5,Sunrisers Eastern Cape,Pretoria Capitals,LA Dawson,DJ Worrall,WD Parnell,0,0,,,,,,,,,
1392669,2023/24,2024-01-25,"SuperSport Park, Centurion",2,18.6,Sunrisers Eastern Cape,Pretoria Capitals,LA Dawson,DJ Worrall,WD Parnell,6,0,,,,,,,,,
1392669,2023/24,2024-01-25,"SuperSport Park, Centurion",2,19.1,Sunrisers Eastern Cape,Pretoria Capitals,DJ Worrall,LA Dawson,DM Dupavillon,0,0,,,,,,,,,
1392669,2023/24,2024-01-25,"SuperSport Park, Centurion",2,19.2,Sunrisers Eastern Cape,Pretoria Capitals,DJ Worrall,LA Dawson,DM Dupavillon,0,0,,,,,,,,,
1392669,2023/24,2024-01-25,"SuperSport Park, Centurion",2,19.3,Sunrisers Eastern Cape,Pretoria Capitals,DJ Worrall,LA Dawson,DM Dupavillon,1,0,,,,,,,,,
1392669,2023/24,2024-01-25,"SuperSport Park, Centurion",2,19.4,Sunrisers Eastern Cape,Pretoria Capitals,LA Dawson,DJ Worrall,DM Dupavillon,6,0,,,,,,,,,
1392669,2023/24,2024-01-25,"SuperSport Park, Centurion",2,19.5,Sunrisers Eastern Cape,Pretoria Capitals,LA Dawson,DJ Worrall,DM Dupavillon,0,0,,,,,,,,,
1392669,2023/24,2024-01-25,"SuperSport Park, Centurion",2,19.6,Sunrisers Eastern Cape,Pretoria Capitals,LA Dawson,DJ Worrall,DM Dupavillon,0,0,,,,,,,,,
