match_id,season,start_date,venue,innings,ball,batting_team,bowling_team,striker,non_striker,bowler,runs_off_bat,extras,wides,noballs,byes,legbyes,penalty,wicket_type,player_dismissed,other_wicket_type,other_player_dismissed
1449639,2024/25,2025-01-13,"Newlands, Cape Town",1,0.1,MI Cape Town,Paarl Royals,RD Rickelton,HE van der Dussen,BC Fortuin,1,0,,,,,,,,,
1449639,2024/25,2025-01-13,"Newlands, Cape Town",1,0.2,MI Cape Town,Paarl Royals,HE van der Dussen,RD Rickelton,BC Fortuin,1,0,,,,,,,,,
1449639,2024/25,2025-01-13,"Newlands, Cape Town",1,0.3,MI Cape Town,Paarl Royals,RD Rickelton,HE van der Dussen,BC Fortuin,1,0,,,,,,,,,
1449639,2024/25,2025-01-13,"Newlands, Cape Town",1,0.4,MI Cape Town,Paarl Royals,HE van der Dussen,RD Rickelton,BC Fortuin,0,0,,,,,,,,,
1449639,2024/25,2025-01-13,"Newlands, Cape Town",1,0.5,MI Cape Town,Paarl Royals,HE van der Dussen,RD Rickelton,BC Fortuin,1,0,,,,,,,,,
1449639,2024/25,2025-01-13,"Newlands, Cape Town",1,0.6,MI Cape Town,Paarl Royals,RD Rickelton,HE van der Dussen,BC Fortuin,1,0,,,,,,,,,
1449639,2024/25,2025-01-13,"Newlands, Cape Town",1,1.1,MI Cape Town,Paarl Royals,RD Rickelton,HE van der Dussen,KT Maphaka,4,0,,,,,,,,,
1449639,2024/25,2025-01-13,"Newlands, Cape Town",1,1.2,MI Cape Town,Paarl Royals,RD Rickelton,HE van der Dussen,KT Maphaka,0,0,,,,,,,,,
1449639,2024/25,2025-01-13,"Newlands, Cape Town",1,1.3,MI Cape Town,Paarl Royals,RD Rickelton,HE van der Dussen,KT Maphaka,0,1,1,,,,,,,,
1449639,2024/25,2025-01-13,"Newlands, Cape Town",1,1.4,MI Cape Town,Paarl Royals,RD Rickelton,HE van der Dussen,KT Maphaka,0,0,,,,,,,,,
1449639,2024/25,2025-01-13,"Newlands, Cape Town",1,1.5,MI Cape Town,Paarl Royals,RD Rickelton,HE van der Dussen,KT Maphaka,1,0,,,,,,,,,
1449639,2024/25,2025-01-13,"Newlands, Cape Town",1,1.6,MI Cape Town,Paarl Royals,HE van der Dussen,RD Rickelton,KT Maphaka,4,0,,,,,,,,,
1449639,2024/25,2025-01-13,"Newlands, Cape Town",1,1.7,MI Cape Town,Paarl Royals,HE van der Dussen,RD Rickelton,KT Maphaka,0,0,,,,,,,,,
1449639,2024/25,2025-01-13,"Newlands, Cape Town",1,2.1,MI Cape Town,Paarl Royals,RD Rickelton,HE van der Dussen,BC Fortuin,0,0,,,,,,caught,RD Rickelton,,
1449639,2024/25,2025-01-13,"Newlands, Cape Town",1,2.2,MI Cape Town,Paarl Royals,RR Hendricks,HE van der Dussen,BC Fortuin,0,0,,,,,,,,,
1449639,2024/25,2025-01-13,"Newlands, Cape Town",1,2.3,MI Cape Town,Paarl Royals,RR Hendricks,HE van der Dussen,BC Fortuin,4,0,,,,,,,,,
1449639,2024/25,2025-01-13,"Newlands, Cape Town",1,2.4,MI Cape Town,Paarl Royals,RR Hendricks,HE van der Dussen,BC Fortuin,1,0,,,,,,,,,
1449639,2024/25,2025-01-13,"Newlands, Cape Town",1,2.5,MI Cape Town,Paarl Royals,HE van der Dussen,RR Hendricks,BC Fortuin,0,0,,,,,,,,,
1449639,2024/25,2025-01-13,"Newlands, Cape Town",1,2.6,MI Cape Town,Paarl Royals,HE van der Dussen,RR Hendricks,BC Fortuin,1,0,,,,,,,,,
1449639,2024/25,2025-01-13,"Newlands, Cape Town",1,3.1,MI Cape Town,Paarl Royals,HE van der Dussen,RR Hendricks,Mujeeb Ur Rahman,0,0,,,,,,,,,
1449639,2024/25,2025-01-13,"Newlands, Cape Town",1,3.2,MI Cape Town,Paarl Royals,HE van der Dussen,RR Hendricks,Mujeeb Ur Rahman,1,0,,,,,,,,,
1449639,2024/25,2025-01-13,"Newlands, Cape Town",1,3.3,MI Cape Town,Paarl Royals,RR Hendricks,HE van der Dussen,Mujeeb Ur Rahman,0,1,1,,,,,,,,
1449639,2024/25,2025-01-13,"Newlands, Cape Town",1,3.4,MI Cape Town,Paarl Royals,RR Hendricks,HE van der Dussen,Mujeeb Ur Rahman,1,0,,,,,,,,,
1449639,2024/25,2025-01-13,"Newlands, Cape Town",1,3.5,MI Cape Town,Paarl Royals,HE van der Dussen,RR Hendricks,Mujeeb Ur Rahman,6,0,,,,,,,,,
1449639,2024/25,2025-01-13,"Newlands, Cape Town",1,3.6,MI Cape Town,Paarl Royals,HE van der Dussen,RR Hendricks,Mujeeb Ur Rahman,4,0,,,,,,,,,
1449639,2024/25,2025-01-13,"Newlands, Cape Town",1,3.7,MI Cape Town,Paarl Royals,HE van der Dussen,RR Hendricks,Mujeeb Ur Rahman,1,0,,,,,,,,,
1449639,2024/25,2025-01-13,"Newlands, Cape Town",1,4.1,MI Cape Town,Paarl Royals,HE van der Dussen,RR Hendricks,L Ngidi,0,0,,,,,,,,,
1449639,2024/25,2025-01-13,"Newlands, Cape Town",1,4.2,MI Cape Town,Paarl Royals,HE van der Dussen,RR Hendricks,L Ngidi,2,0,,,,,,,,,
1449639,2024/25,2025-01-13,"Newlands, Cape Town",1,4.3,MI Cape Town,Paarl Royals,HE van der Dussen,RR Hendricks,L Ngidi,1,0,,,,,,,,,
1449639,2024/25,2025-01-13,"Newlands, Cape Town",1,4.4,MI Cape Town,Paarl Royals,RR Hendricks,HE van der Dussen,L Ngidi,1,0,,,,,,,,,
1449639,2024/25,2025-01-13,"Newlands, Cape Town",1,4.5,MI Cape Town,Paarl Royals,HE van der Dussen,RR Hendricks,L Ngidi,0,0,,,,,,,,,
1449639,2024/25,2025-01-13,"Newlands, Cape Town",1,4.6,MI Cape Town,Paarl Royals,HE van der Dussen,RR Hendricks,L Ngidi,6,0,,,,,,,,,
1449639,2024/25,2025-01-13,"Newlands, Cape Town",1,5.1,MI Cape Town,Paarl Royals,RR Hendricks,HE van der Dussen,BC Fortuin,1,0,,,,,,,,,
1449639,2024/25,2025-01-13,"Newlands, Cape Town",1,5.2,MI Cape Town,Paarl Royals,HE van der Dussen,RR Hendricks,BC Fortuin,1,0,,,,,,,,,
1449639,2024/25,2025-01-13,"Newlands, Cape Town",1,5.3,MI Cape Town,Paarl Royals,RR Hendricks,HE van der Dussen,BC Fortuin,4,0,,,,,,,,,
1449639,2024/25,2025-01-13,"Newlands, Cape Town",1,5.4,MI Cape Town,Paarl Royals,RR Hendricks,HE van der Dussen,BC Fortuin,0,0,,,,,,,,,
1449639,2024/25,2025-01-13,"Newlands, Cape Town",1,5.5,MI Cape Town,Paarl Royals,RR Hendricks,HE van der Dussen,BC Fortuin,1,0,,,,,,,,,
1449639,2024/25,2025-01-13,"Newlands, Cape Town",1,5.6,MI Cape Town,Paarl Royals,HE van der Dussen,RR Hendricks,BC Fortuin,0,0,,,,,,,,,
1449639,2024/25,2025-01-13,"Newlands, Cape Town",1,6.1,MI Cape Town,Paarl Royals,RR Hendricks,HE van der Dussen,Dayyaan Galiem,4,0,,,,,,,,,
1449639,2024/25,2025-01-13,"Newlands, Cape Town",1,6.2,MI Cape Town,Paarl Royals,RR Hendricks,HE van der Dussen,Dayyaan Galiem,0,0,,,,,,,,,
1449639,2024/25,2025-01-13,"Newlands, Cape Town",1,6.3,MI Cape Town,Paarl Royals,RR Hendricks,HE van der Dussen,Dayyaan Galiem,1,0,,,,,,,,,
1449639,2024/25,2025-01-13,"Newlands, Cape Town",1,6.4,MI Cape Town,Paarl Royals,HE van der Dussen,RR Hendricks,Dayyaan Galiem,1,0,,,,,,,,,
1449639,2024/25,2025-01-13,"Newlands, Cape Town",1,6.5,MI Cape Town,Paarl Royals,RR Hendricks,HE van der Dussen,Dayyaan Galiem,0,0,,,,,,,,,
1449639,2024/25,2025-01-13,"Newlands, Cape Town",1,6.6,MI Cape Town,Paarl Royals,RR Hendricks,HE van der Dussen,Dayyaan Galiem,1,0,,,,,,,,,
1449639,2024/25,2025-01-13,"Newlands, Cape Town",1,7.1,MI Cape Town,Paarl Royals,RR Hendricks,HE van der Dussen,BC Fortuin,0,0,,,,,,,,,
1449639,2024/25,2025-01-13,"Newlands, Cape Town",1,7.2,MI Cape Town,Paarl Royals,RR Hendricks,HE van der Dussen,BC Fortuin,1,0,,,,,,,,,
1449639,2024/25,2025-01-13,"Newlands, Cape Town",1,7.3,MI Cape Town,Paarl Royals,HE van der Dussen,RR Hendricks,BC Fortuin,0,0,,,,,,,,,
1449639,2024/25,2025-01-13,"Newlands, Cape Town",1,7.4,MI Cape Town,Paarl Royals,HE van der Dussen,RR Hendricks,BC Fortuin,0,1,1,,,,,,,,
1449639,2024/25,2025-01-13,"Newlands, Cape Town",1,7.5,MI Cape Town,Paarl Royals,HE van der Dussen,RR Hendricks,BC Fortuin,1,0,,,,,,,,,
1449639,2024/25,2025-01-13,"Newlands, Cape Town",1,7.6,MI Cape Town,Paarl Royals,RR Hendricks,HE van der Dussen,BC Fortuin,2,0,,,,,,,,,
1449639,2024/25,2025-01-13,"Newlands, Cape Town",1,7.7,MI Cape Town,Paarl Royals,RR Hendricks,HE van der Dussen,BC Fortuin,1,0,,,,,,,,,
1449639,2024/25,2025-01-13,"Newlands, Cape Town",1,8.1,MI Cape Town,Paarl Royals,RR Hendricks,HE van der Dussen,L Ngidi,1,0,,,,,,,,,
1449639,2024/25,2025-01-13,"Newlands, Cape Town",1,8.2,MI Cape Town,Paarl Royals,HE van der Dussen,RR Hendricks,L Ngidi,3,0,,,,,,,,,
1449639,2024/25,2025-01-13,"Newlands, Cape Town",1,8.3,MI Cape Town,Paarl Royals,RR Hendricks,HE van der Dussen,L Ngidi,4,0,,,,,,,,,
1449639,2024/25,2025-01-13,"Newlands, Cape Town",1,8.4,MI Cape Town,Paarl Royals,RR Hendricks,HE van der Dussen,L Ngidi,1,0,,,,,,,,,
1449639,2024/25,2025-01-13,"Newlands, Cape Town",1,8.5,MI Cape Town,Paarl Royals,HE van der Dussen,RR Hendricks,L Ngidi,1,0,,,,,,,,,
1449639,2024/25,2025-01-13,"Newlands, Cape Town",1,8.6,MI Cape Town,Paarl Royals,RR Hendricks,HE van der Dussen,L Ngidi,0,1,1,,,,,,,,
1449639,2024/25,2025-01-13,"Newlands, Cape Town",1,8.7,MI Cape Town,Paarl Royals,RR Hendricks,HE van der Dussen,L Ngidi,4,0,,,,,,,,,
1449639,2024/25,2025-01-13,"Newlands, Cape Town",1,9.1,MI Cape Town,Paarl Royals,HE van der Dussen,RR Hendricks,Mujeeb Ur Rahman,1,0,,,,,,,,,
1449639,2024/25,2025-01-13,"Newlands, Cape Town",1,9.2,MI Cape Town,Paarl Royals,RR Hendricks,HE van der Dussen,Mujeeb Ur Rahman,1,0,,,,,,,,,
1449639,2024/25,2025-01-13,"Newlands, Cape Town",1,9.3,MI Cape Town,Paarl Royals,HE van der Dussen,RR Hendricks,Mujeeb Ur Rahman,1,0,,,,,,,,,
1449639,2024/25,2025-01-13,"Newlands, Cape Town",1,9.4,MI Cape Town,Paarl Royals,RR Hendricks,HE van der Dussen,Mujeeb Ur Rahman,1,0,,,,,,,,,
1449639,2024/25,2025-01-13,"Newlands, Cape Town",1,9.5,MI Cape Town,Paarl Royals,HE van der Dussen,RR Hendricks,Mujeeb Ur Rahman,1,0,,,,,,,,,
1449639,2024/25,2025-01-13,"Newlands, Cape Town",1,9.6,MI Cape Town,Paarl Royals,RR Hendricks,HE van der Dussen,Mujeeb Ur Rahman,2,0,,,,,,,,,
1449639,2024/25,2025-01-13,"Newlands, Cape Town",1,10.1,MI Cape Town,Paarl Royals,HE van der Dussen,RR Hendricks,KT Maphaka,0,0,,,,,,,,,
1449639,2024/25,2025-01-13,"Newlands, Cape Town",1,10.2,MI Cape Town,Paarl Royals,HE van der Dussen,RR Hendricks,KT Maphaka,1,0,,,,,,,,,
1449639,2024/25,2025-01-13,"Newlands, Cape Town",1,10.3,MI Cape Town,Paarl Royals,RR Hendricks,HE van der Dussen,KT Maphaka,1,0,,,,,,,,,
1449639,2024/25,2025-01-13,"Newlands, Cape Town",1,10.4,MI Cape Town,Paarl Royals,HE van der Dussen,RR Hendricks,KT Maphaka,0,0,,,,,,,,,
1449639,2024/25,2025-01-13,"Newlands, Cape Town",1,10.5,MI Cape Town,Paarl Royals,HE van der Dussen,RR Hendricks,KT Maphaka,4,0,,,,,,,,,
1449639,2024/25,2025-01-13,"Newlands, Cape Town",1,10.6,MI Cape Town,Paarl Royals,HE van der Dussen,RR Hendricks,KT Maphaka,0,1,,,1,,,,,,
1449639,2024/25,2025-01-13,"Newlands, Cape Town",1,11.1,MI Cape Town,Paarl Royals,HE van der Dussen,RR Hendricks,Dayyaan Galiem,0,0,,,,,,bowled,HE van der Dussen,,
1449639,2024/25,2025-01-13,"Newlands, Cape Town",1,11.2,MI Cape Town,Paarl Royals,CA Ingram,RR Hendricks,Dayyaan Galiem,0,0,,,,,,,,,
1449639,2024/25,2025-01-13,"Newlands, Cape Town",1,11.3,MI Cape Town,Paarl Royals,CA Ingram,RR Hendricks,Dayyaan Galiem,0,0,,,,,,,,,
1449639,2024/25,2025-01-13,"Newlands, Cape Town",1,11.4,MI Cape Town,Paarl Royals,CA Ingram,RR Hendricks,Dayyaan Galiem,0,0,,,,,,,,,
1449639,2024/25,2025-01-13,"Newlands, Cape Town",1,11.5,MI Cape Town,Paarl Royals,CA Ingram,RR Hendricks,Dayyaan Galiem,4,0,,,,,,,,,
1449639,2024/25,2025-01-13,"Newlands, Cape Town",1,11.6,MI Cape Town,Paarl Royals,CA Ingram,RR Hendricks,Dayyaan Galiem,0,0,,,,,,,,,
1449639,2024/25,2025-01-13,"Newlands, Cape Town",1,12.1,MI Cape Town,Paarl Royals,RR Hendricks,CA Ingram,Mujeeb Ur Rahman,6,0,,,,,,,,,
1449639,2024/25,2025-01-13,"Newlands, Cape Town",1,12.2,MI Cape Town,Paarl Royals,RR Hendricks,CA Ingram,Mujeeb Ur Rahman,1,0,,,,,,,,,
1449639,2024/25,2025-01-13,"Newlands, Cape Town",1,12.3,MI Cape Town,Paarl Royals,CA Ingram,RR Hendricks,Mujeeb Ur Rahman,2,0,,,,,,,,,
1449639,2024/25,2025-01-13,"Newlands, Cape Town",1,12.4,MI Cape Town,Paarl Royals,CA Ingram,RR Hendricks,Mujeeb Ur Rahman,1,0,,,,,,,,,
1449639,2024/25,2025-01-13,"Newlands, Cape Town",1,12.5,MI Cape Town,Paarl Royals,RR Hendricks,CA Ingram,Mujeeb Ur Rahman,4,0,,,,,,,,,
1449639,2024/25,2025-01-13,"Newlands, Cape Town",1,12.6,MI Cape Town,Paarl Royals,RR Hendricks,CA Ingram,Mujeeb Ur Rahman,1,0,,,,,,,,,
1449639,2024/25,2025-01-13,"Newlands, Cape Town",1,13.1,MI Cape Town,Paarl Royals,RR Hendricks,CA Ingram,Dayyaan Galiem,1,0,,,,,,,,,
1449639,2024/25,2025-01-13,"Newlands, Cape Town",1,13.2,MI Cape Town,Paarl Royals,CA Ingram,RR Hendricks,Dayyaan Galiem,0,0,,,,,,,,,
1449639,2024/25,2025-01-13,"Newlands, Cape Town",1,13.3,MI Cape Town,Paarl Royals,CA Ingram,RR Hendricks,Dayyaan Galiem,0,0,,,,,,caught,CA Ingram,,
1449639,2024/25,2025-01-13,"Newlands, Cape Town",1,13.4,MI Cape Town,Paarl Royals,GF Linde,RR Hendricks,Dayyaan Galiem,0,0,,,,,,,,,
1449639,2024/25,2025-01-13,"Newlands, Cape Town",1,13.5,MI Cape Town,Paarl Royals,GF Linde,RR Hendricks,Dayyaan Galiem,1,0,,,,,,,,,
1449639,2024/25,2025-01-13,"Newlands, Cape Town",1,13.6,MI Cape Town,Paarl Royals,RR Hendricks,GF Linde,Dayyaan Galiem,4,0,,,,,,,,,
1449639,2024/25,2025-01-13,"Newlands, Cape Town",1,14.1,MI Cape Town,Paarl Royals,GF Linde,RR Hendricks,L Ngidi,0,0,,,,,,,,,
1449639,2024/25,2025-01-13,"Newlands, Cape Town",1,14.2,MI Cape Town,Paarl Royals,GF Linde,RR Hendricks,L Ngidi,0,0,,,,,,caught,GF Linde,,
1449639,2024/25,2025-01-13,"Newlands, Cape Town",1,14.3,MI Cape Town,Paarl Royals,D Potgieter,RR Hendricks,L Ngidi,1,0,,,,,,,,,
1449639,2024/25,2025-01-13,"Newlands, Cape Town",1,14.4,MI Cape Town,Paarl Royals,RR Hendricks,D Potgieter,L Ngidi,0,0,,,,,,,,,
1449639,2024/25,2025-01-13,"Newlands, Cape Town",1,14.5,MI Cape Town,Paarl Royals,RR Hendricks,D Potgieter,L Ngidi,4,0,,,,,,,,,
1449639,2024/25,2025-01-13,"Newlands, Cape Town",1,14.6,MI Cape Town,Paarl Royals,RR Hendricks,D Potgieter,L Ngidi,0,0,,,,,,,,,
1449639,2024/25,2025-01-13,"Newlands, Cape Town",1,15.1,MI Cape Town,Paarl Royals,D Potgieter,RR Hendricks,Mujeeb Ur Rahman,0,0,,,,,,,,,
1449639,2024/25,2025-01-13,"Newlands, Cape Town",1,15.2,MI Cape Town,Paarl Royals,D Potgieter,RR Hendricks,Mujeeb Ur Rahman,3,0,,,,,,,,,
1449639,2024/25,2025-01-13,"Newlands, Cape Town",1,15.3,MI Cape Town,Paarl Royals,RR Hendricks,D Potgieter,Mujeeb Ur Rahman,0,0,,,,,,,,,
1449639,2024/25,2025-01-13,"Newlands, Cape Town",1,15.4,MI Cape Town,Paarl Royals,RR Hendricks,D Potgieter,Mujeeb Ur Rahman,0,0,,,,,,bowled,RR Hendricks,,
1449639,2024/25,2025-01-13,"Newlands, Cape Town",1,15.5,MI Cape Town,Paarl Royals,D Brevis,D Potgieter,Mujeeb Ur Rahman,1,0,,,,,,,,,
1449639,2024/25,2025-01-13,"Newlands, Cape Town",1,15.6,MI Cape Town,Paarl Royals,D Potgieter,D Brevis,Mujeeb Ur Rahman,0,0,,,,,,,,,
1449639,2024/25,2025-01-13,"Newlands, Cape Town",1,16.1,MI Cape Town,Paarl Royals,D Brevis,D Potgieter,KT Maphaka,6,0,,,,,,,,,
1449639,2024/25,2025-01-13,"Newlands, Cape Town",1,16.2,MI Cape Town,Paarl Royals,D Brevis,D Potgieter,KT Maphaka,1,0,,,,,,,,,
1449639,2024/25,2025-01-13,"Newlands, Cape Town",1,16.3,MI Cape Town,Paarl Royals,D Potgieter,D Brevis,KT Maphaka,0,0,,,,,,,,,
1449639,2024/25,2025-01-13,"Newlands, Cape Town",1,16.4,MI Cape Town,Paarl Royals,D Potgieter,D Brevis,KT Maphaka,0,1,1,,,,,,,,
1449639,2024/25,2025-01-13,"Newlands, Cape Town",1,16.5,MI Cape Town,Paarl Royals,D Potgieter,D Brevis,KT Maphaka,4,0,,,,,,,,,
1449639,2024/25,2025-01-13,"Newlands, Cape Town",1,16.6,MI Cape Town,Paarl Royals,D Potgieter,D Brevis,KT Maphaka,0,1,1,,,,,,,,
1449639,2024/25,2025-01-13,"Newlands, Cape Town",1,16.7,MI Cape Town,Paarl Royals,D Potgieter,D Brevis,KT Maphaka,0,1,1,,,,,,,,
1449639,2024/25,2025-01-13,"Newlands, Cape Town",1,16.8,MI Cape Town,Paarl Royals,D Potgieter,D Brevis,KT Maphaka,1,0,,,,,,,,,
1449639,2024/25,2025-01-13,"Newlands, Cape Town",1,16.9,MI Cape Town,Paarl Royals,D Brevis,D Potgieter,KT Maphaka,1,0,,,,,,,,,
1449639,2024/25,2025-01-13,"Newlands, Cape Town",1,17.1,MI Cape Town,Paarl Royals,D Brevis,D Potgieter,L Ngidi,1,0,,,,,,,,,
1449639,2024/25,2025-01-13,"Newlands, Cape Town",1,17.2,MI Cape Town,Paarl Royals,D Potgieter,D Brevis,L Ngidi,0,0,,,,,,,,,
1449639,2024/25,2025-01-13,"Newlands, Cape Town",1,17.3,MI Cape Town,Paarl Royals,D Potgieter,D Brevis,L Ngidi,0,0,,,,,,,,,
1449639,2024/25,2025-01-13,"Newlands, Cape Town",1,17.4,MI Cape Town,Paarl Royals,D Potgieter,D Brevis,L Ngidi,6,0,,,,,,,,,
1449639,2024/25,2025-01-13,"Newlands, Cape Town",1,17.5,MI Cape Town,Paarl Royals,D Potgieter,D Brevis,L Ngidi,0,0,,,,,,,,,
1449639,2024/25,2025-01-13,"Newlands, Cape Town",1,17.6,MI Cape Town,Paarl Royals,D Potgieter,D Brevis,L Ngidi,6,0,,,,,,,,,
1449639,2024/25,2025-01-13,"Newlands, Cape Town",1,18.1,MI Cape Town,Paarl Royals,D Brevis,D Potgieter,Dayyaan Galiem,2,0,,,,,,,,,
1449639,2024/25,2025-01-13,"Newlands, Cape Town",1,18.2,MI Cape Town,Paarl Royals,D Brevis,D Potgieter,Dayyaan Galiem,1,0,,,,,,,,,
1449639,2024/25,2025-01-13,"Newlands, Cape Town",1,18.3,MI Cape Town,Paarl Royals,D Potgieter,D Brevis,Dayyaan Galiem,0,1,1,,,,,,,,
1449639,2024/25,2025-01-13,"Newlands, Cape Town",1,18.4,MI Cape Town,Paarl Royals,D Potgieter,D Brevis,Dayyaan Galiem,1,0,,,,,,,,,
1449639,2024/25,2025-01-13,"Newlands, Cape Town",1,18.5,MI Cape Town,Paarl Royals,D Brevis,D Potgieter,Dayyaan Galiem,1,0,,,,,,,,,
1449639,2024/25,2025-01-13,"Newlands, Cape Town",1,18.6,MI Cape Town,Paarl Royals,D Potgieter,D Brevis,Dayyaan Galiem,1,0,,,,,,,,,
1449639,2024/25,2025-01-13,"Newlands, Cape Town",1,18.7,MI Cape Town,Paarl Royals,D Brevis,D Potgieter,Dayyaan Galiem,0,0,,,,,,bowled,D Brevis,,
1449639,2024/25,2025-01-13,"Newlands, Cape Town",1,19.1,MI Cape Town,Paarl Royals,D Potgieter,Azmatullah Omarzai,KT Maphaka,1,0,,,,,,,,,
1449639,2024/25,2025-01-13,"Newlands, Cape Town",1,19.2,MI Cape Town,Paarl Royals,Azmatullah Omarzai,D Potgieter,KT Maphaka,1,0,,,,,,,,,
1449639,2024/25,2025-01-13,"Newlands, Cape Town",1,19.3,MI Cape Town,Paarl Royals,D Potgieter,Azmatullah Omarzai,KT Maphaka,4,0,,,,,,,,,
1449639,2024/25,2025-01-13,"Newlands, Cape Town",1,19.4,MI Cape Town,Paarl Royals,D Potgieter,Azmatullah Omarzai,KT Maphaka,1,0,,,,,,,,,
1449639,2024/25,2025-01-13,"Newlands, Cape Town",1,19.5,MI Cape Town,Paarl Royals,Azmatullah Omarzai,D Potgieter,KT Maphaka,1,0,,,,,,,,,
1449639,2024/25,2025-01-13,"Newlands, Cape Town",1,19.6,MI Cape Town,Paarl Royals,D Potgieter,Azmatullah Omarzai,KT Maphaka,0,0,,,,,,caught,D Potgieter,,
1449639,2024/25,2025-01-13,"Newlands, Cape Town",2,0.1,Paarl Royals,MI Cape Town,LG Pretorius,JE Root,TA Boult,0,0,,,,,,,,,
1449639,2024/25,2025-01-13,"Newlands, Cape Town",2,0.2,Paarl Royals,MI Cape Town,LG Pretorius,JE Root,TA Boult,1,0,,,,,,,,,
1449639,2024/25,2025-01-13,"Newlands, Cape Town",2,0.3,Paarl Royals,MI Cape Town,JE Root,LG Pretorius,TA Boult,0,0,,,,,,,,,
1449639,2024/25,2025-01-13,"Newlands, Cape Town",2,0.4,Paarl Royals,MI Cape Town,JE Root,LG Pretorius,TA Boult,2,0,,,,,,,,,
1449639,2024/25,2025-01-13,"Newlands, Cape Town",2,0.5,Paarl Royals,MI Cape Town,JE Root,LG Pretorius,TA Boult,1,0,,,,,,,,,
1449639,2024/25,2025-01-13,"Newlands, Cape Town",2,0.6,Paarl Royals,MI Cape Town,LG Pretorius,JE Root,TA Boult,6,0,,,,,,,,,
1449639,2024/25,2025-01-13,"Newlands, Cape Town",2,1.1,Paarl Royals,MI Cape Town,JE Root,LG Pretorius,Azmatullah Omarzai,0,0,,,,,,,,,
1449639,2024/25,2025-01-13,"Newlands, Cape Town",2,1.2,Paarl Royals,MI Cape Town,JE Root,LG Pretorius,Azmatullah Omarzai,0,0,,,,,,,,,
1449639,2024/25,2025-01-13,"Newlands, Cape Town",2,1.3,Paarl Royals,MI Cape Town,JE Root,LG Pretorius,Azmatullah Omarzai,6,0,,,,,,,,,
1449639,2024/25,2025-01-13,"Newlands, Cape Town",2,1.4,Paarl Royals,MI Cape Town,JE Root,LG Pretorius,Azmatullah Omarzai,4,0,,,,,,,,,
1449639,2024/25,2025-01-13,"Newlands, Cape Town",2,1.5,Paarl Royals,MI Cape Town,JE Root,LG Pretorius,Azmatullah Omarzai,4,0,,,,,,,,,
1449639,2024/25,2025-01-13,"Newlands, Cape Town",2,1.6,Paarl Royals,MI Cape Town,JE Root,LG Pretorius,Azmatullah Omarzai,2,0,,,,,,,,,
1449639,2024/25,2025-01-13,"Newlands, Cape Town",2,2.1,Paarl Royals,MI Cape Town,LG Pretorius,JE Root,TA Boult,4,0,,,,,,,,,
1449639,2024/25,2025-01-13,"Newlands, Cape Town",2,2.2,Paarl Royals,MI Cape Town,LG Pretorius,JE Root,TA Boult,1,0,,,,,,,,,
1449639,2024/25,2025-01-13,"Newlands, Cape Town",2,2.3,Paarl Royals,MI Cape Town,JE Root,LG Pretorius,TA Boult,4,0,,,,,,,,,
1449639,2024/25,2025-01-13,"Newlands, Cape Town",2,2.4,Paarl Royals,MI Cape Town,JE Root,LG Pretorius,TA Boult,0,0,,,,,,,,,
1449639,2024/25,2025-01-13,"Newlands, Cape Town",2,2.5,Paarl Royals,MI Cape Town,JE Root,LG Pretorius,TA Boult,2,0,,,,,,,,,
1449639,2024/25,2025-01-13,"Newlands, Cape Town",2,2.6,Paarl Royals,MI Cape Town,JE Root,LG Pretorius,TA Boult,1,0,,,,,,,,,
1449639,2024/25,2025-01-13,"Newlands, Cape Town",2,3.1,Paarl Royals,MI Cape Town,JE Root,LG Pretorius,K Rabada,0,0,,,,,,caught,JE Root,,
1449639,2024/25,2025-01-13,"Newlands, Cape Town",2,3.2,Paarl Royals,MI Cape Town,SR Hain,LG Pretorius,K Rabada,0,0,,,,,,,,,
1449639,2024/25,2025-01-13,"Newlands, Cape Town",2,3.3,Paarl Royals,MI Cape Town,SR Hain,LG Pretorius,K Rabada,0,0,,,,,,,,,
1449639,2024/25,2025-01-13,"Newlands, Cape Town",2,3.4,Paarl Royals,MI Cape Town,SR Hain,LG Pretorius,K Rabada,0,0,,,,,,,,,
1449639,2024/25,2025-01-13,"Newlands, Cape Town",2,3.5,Paarl Royals,MI Cape Town,SR Hain,LG Pretorius,K Rabada,0,0,,,,,,,,,
1449639,2024/25,2025-01-13,"Newlands, Cape Town",2,3.6,Paarl Royals,MI Cape Town,SR Hain,LG Pretorius,K Rabada,0,0,,,,,,,,,
1449639,2024/25,2025-01-13,"Newlands, Cape Town",2,4.1,Paarl Royals,MI Cape Town,LG Pretorius,SR Hain,Rashid Khan,4,0,,,,,,,,,
1449639,2024/25,2025-01-13,"Newlands, Cape Town",2,4.2,Paarl Royals,MI Cape Town,LG Pretorius,SR Hain,Rashid Khan,4,0,,,,,,,,,
1449639,2024/25,2025-01-13,"Newlands, Cape Town",2,4.3,Paarl Royals,MI Cape Town,LG Pretorius,SR Hain,Rashid Khan,1,0,,,,,,,,,
1449639,2024/25,2025-01-13,"Newlands, Cape Town",2,4.4,Paarl Royals,MI Cape Town,SR Hain,LG Pretorius,Rashid Khan,1,0,,,,,,,,,
1449639,2024/25,2025-01-13,"Newlands, Cape Town",2,4.5,Paarl Royals,MI Cape Town,LG Pretorius,SR Hain,Rashid Khan,4,0,,,,,,,,,
1449639,2024/25,2025-01-13,"Newlands, Cape Town",2,4.6,Paarl Royals,MI Cape Town,LG Pretorius,SR Hain,Rashid Khan,1,0,,,,,,,,,
1449639,2024/25,2025-01-13,"Newlands, Cape Town",2,5.1,Paarl Royals,MI Cape Town,LG Pretorius,SR Hain,K Rabada,0,0,,,,,,,,,
1449639,2024/25,2025-01-13,"Newlands, Cape Town",2,5.2,Paarl Royals,MI Cape Town,LG Pretorius,SR Hain,K Rabada,0,0,,,,,,caught,LG Pretorius,,
1449639,2024/25,2025-01-13,"Newlands, Cape Town",2,5.3,Paarl Royals,MI Cape Town,M Van Buuren,SR Hain,K Rabada,0,0,,,,,,,,,
1449639,2024/25,2025-01-13,"Newlands, Cape Town",2,5.4,Paarl Royals,MI Cape Town,M Van Buuren,SR Hain,K Rabada,0,0,,,,,,,,,
1449639,2024/25,2025-01-13,"Newlands, Cape Town",2,5.5,Paarl Royals,MI Cape Town,M Van Buuren,SR Hain,K Rabada,0,0,,,,,,,,,
1449639,2024/25,2025-01-13,"Newlands, Cape Town",2,5.6,Paarl Royals,MI Cape Town,M Van Buuren,SR Hain,K Rabada,0,0,,,,,,,,,
1449639,2024/25,2025-01-13,"Newlands, Cape Town",2,6.1,Paarl Royals,MI Cape Town,SR Hain,M Van Buuren,GF Linde,2,0,,,,,,,,,
1449639,2024/25,2025-01-13,"Newlands, Cape Town",2,6.2,Paarl Royals,MI Cape Town,SR Hain,M Van Buuren,GF Linde,4,0,,,,,,,,,
1449639,2024/25,2025-01-13,"Newlands, Cape Town",2,6.3,Paarl Royals,MI Cape Town,SR Hain,M Van Buuren,GF Linde,1,0,,,,,,,,,
1449639,2024/25,2025-01-13,"Newlands, Cape Town",2,6.4,Paarl Royals,MI Cape Town,M Van Buuren,SR Hain,GF Linde,0,0,,,,,,,,,
1449639,2024/25,2025-01-13,"Newlands, Cape Town",2,6.5,Paarl Royals,MI Cape Town,M Van Buuren,SR Hain,GF Linde,0,0,,,,,,,,,
1449639,2024/25,2025-01-13,"Newlands, Cape Town",2,6.6,Paarl Royals,MI Cape Town,M Van Buuren,SR Hain,GF Linde,0,0,,,,,,caught,M Van Buuren,,
1449639,2024/25,2025-01-13,"Newlands, Cape Town",2,7.1,Paarl Royals,MI Cape Town,SR Hain,DA Miller,Rashid Khan,1,0,,,,,,,,,
1449639,2024/25,2025-01-13,"Newlands, Cape Town",2,7.2,Paarl Royals,MI Cape Town,DA Miller,SR Hain,Rashid Khan,0,0,,,,,,,,,
1449639,2024/25,2025-01-13,"Newlands, Cape Town",2,7.3,Paarl Royals,MI Cape Town,DA Miller,SR Hain,Rashid Khan,0,0,,,,,,,,,
1449639,2024/25,2025-01-13,"Newlands, Cape Town",2,7.4,Paarl Royals,MI Cape Town,DA Miller,SR Hain,Rashid Khan,1,0,,,,,,,,,
1449639,2024/25,2025-01-13,"Newlands, Cape Town",2,7.5,Paarl Royals,MI Cape Town,SR Hain,DA Miller,Rashid Khan,0,0,,,,,,,,,
1449639,2024/25,2025-01-13,"Newlands, Cape Town",2,7.6,Paarl Royals,MI Cape Town,SR Hain,DA Miller,Rashid Khan,1,0,,,,,,,,,
1449639,2024/25,2025-01-13,"Newlands, Cape Town",2,8.1,Paarl Royals,MI Cape Town,SR Hain,DA Miller,GF Linde,0,0,,,,,,,,,
1449639,2024/25,2025-01-13,"Newlands, Cape Town",2,8.2,Paarl Royals,MI Cape Town,SR Hain,DA Miller,GF Linde,1,0,,,,,,,,,
1449639,2024/25,2025-01-13,"Newlands, Cape Town",2,8.3,Paarl Royals,MI Cape Town,DA Miller,SR Hain,GF Linde,0,0,,,,,,caught,DA Miller,,
1449639,2024/25,2025-01-13,"Newlands, Cape Town",2,8.4,Paarl Royals,MI Cape Town,Dayyaan Galiem,SR Hain,GF Linde,0,0,,,,,,,,,
1449639,2024/25,2025-01-13,"Newlands, Cape Town",2,8.5,Paarl Royals,MI Cape Town,Dayyaan Galiem,SR Hain,GF Linde,1,0,,,,,,,,,
1449639,2024/25,2025-01-13,"Newlands, Cape Town",2,8.6,Paarl Royals,MI Cape Town,SR Hain,Dayyaan Galiem,GF Linde,0,0,,,,,,,,,
1449639,2024/25,2025-01-13,"Newlands, Cape Town",2,9.1,Paarl Royals,MI Cape Town,Dayyaan Galiem,SR Hain,Rashid Khan,1,0,,,,,,,,,
1449639,2024/25,2025-01-13,"Newlands, Cape Town",2,9.2,Paarl Royals,MI Cape Town,SR Hain,Dayyaan Galiem,Rashid Khan,1,0,,,,,,,,,
1449639,2024/25,2025-01-13,"Newlands, Cape Town",2,9.3,Paarl Royals,MI Cape Town,Dayyaan Galiem,SR Hain,Rashid Khan,0,0,,,,,,,,,
1449639,2024/25,2025-01-13,"Newlands, Cape Town",2,9.4,Paarl Royals,MI Cape Town,Dayyaan Galiem,SR Hain,Rashid Khan,1,0,,,,,,,,,
1449639,2024/25,2025-01-13,"Newlands, Cape Town",2,9.5,Paarl Royals,MI Cape Town,SR Hain,Dayyaan Galiem,Rashid Khan,1,0,,,,,,,,,
1449639,2024/25,2025-01-13,"Newlands, Cape Town",2,9.6,Paarl Royals,MI Cape Town,Dayyaan Galiem,SR Hain,Rashid Khan,0,0,,,,,,caught,Dayyaan Galiem,,
1449639,2024/25,2025-01-13,"Newlands, Cape Town",2,10.1,Paarl Royals,MI Cape Town,SR Hain,KD Karthik,GF Linde,1,0,,,,,,,,,
1449639,2024/25,2025-01-13,"Newlands, Cape Town",2,10.2,Paarl Royals,MI Cape Town,KD Karthik,SR Hain,GF Linde,0,0,,,,,,,,,
1449639,2024/25,2025-01-13,"Newlands, Cape Town",2,10.3,Paarl Royals,MI Cape Town,KD Karthik,SR Hain,GF Linde,0,0,,,,,,,,,
1449639,2024/25,2025-01-13,"Newlands, Cape Town",2,10.4,Paarl Royals,MI Cape Town,KD Karthik,SR Hain,GF Linde,1,0,,,,,,,,,
1449639,2024/25,2025-01-13,"Newlands, Cape Town",2,10.5,Paarl Royals,MI Cape Town,SR Hain,KD Karthik,GF Linde,1,0,,,,,,,,,
1449639,2024/25,2025-01-13,"Newlands, Cape Town",2,10.6,Paarl Royals,MI Cape Town,KD Karthik,SR Hain,GF Linde,0,0,,,,,,,,,
1449639,2024/25,2025-01-13,"Newlands, Cape Town",2,11.1,Paarl Royals,MI Cape Town,SR Hain,KD Karthik,Rashid Khan,2,0,,,,,,,,,
1449639,2024/25,2025-01-13,"Newlands, Cape Town",2,11.2,Paarl Royals,MI Cape Town,SR Hain,KD Karthik,Rashid Khan,1,0,,,,,,,,,
1449639,2024/25,2025-01-13,"Newlands, Cape Town",2,11.3,Paarl Royals,MI Cape Town,KD Karthik,SR Hain,Rashid Khan,1,0,,,,,,,,,
1449639,2024/25,2025-01-13,"Newlands, Cape Town",2,11.4,Paarl Royals,MI Cape Town,SR Hain,KD Karthik,Rashid Khan,2,0,,,,,,,,,
1449639,2024/25,2025-01-13,"Newlands, Cape Town",2,11.5,Paarl Royals,MI Cape Town,SR Hain,KD Karthik,Rashid Khan,0,0,,,,,,bowled,SR Hain,,
1449639,2024/25,2025-01-13,"Newlands, Cape Town",2,11.6,Paarl Royals,MI Cape Town,BC Fortuin,KD Karthik,Rashid Khan,0,0,,,,,,,,,
1449639,2024/25,2025-01-13,"Newlands, Cape Town",2,12.1,Paarl Royals,MI Cape Town,KD Karthik,BC Fortuin,GF Linde,0,0,,,,,,,,,
1449639,2024/25,2025-01-13,"Newlands, Cape Town",2,12.2,Paarl Royals,MI Cape Town,KD Karthik,BC Fortuin,GF Linde,0,0,,,,,,run out,KD Karthik,,
1449639,2024/25,2025-01-13,"Newlands, Cape Town",2,12.3,Paarl Royals,MI Cape Town,Mujeeb Ur Rahman,BC Fortuin,GF Linde,0,0,,,,,,,,,
1449639,2024/25,2025-01-13,"Newlands, Cape Town",2,12.4,Paarl Royals,MI Cape Town,Mujeeb Ur Rahman,BC Fortuin,GF Linde,2,0,,,,,,,,,
1449639,2024/25,2025-01-13,"Newlands, Cape Town",2,12.5,Paarl Royals,MI Cape Town,Mujeeb Ur Rahman,BC Fortuin,GF Linde,1,0,,,,,,,,,
1449639,2024/25,2025-01-13,"Newlands, Cape Town",2,12.6,Paarl Royals,MI Cape Town,BC Fortuin,Mujeeb Ur Rahman,GF Linde,0,0,,,,,,caught,BC Fortuin,,
1449639,2024/25,2025-01-13,"Newlands, Cape Town",2,13.1,Paarl Royals,MI Cape Town,Mujeeb Ur Rahman,KT Maphaka,K Rabada,0,0,,,,,,,,,
1449639,2024/25,2025-01-13,"Newlands, Cape Town",2,13.2,Paarl Royals,MI Cape Town,Mujeeb Ur Rahman,KT Maphaka,K Rabada,1,0,,,,,,,,,
1449639,2024/25,2025-01-13,"Newlands, Cape Town",2,13.3,Paarl Royals,MI Cape Town,KT Maphaka,Mujeeb Ur Rahman,K Rabada,1,0,,,,,,,,,
1449639,2024/25,2025-01-13,"Newlands, Cape Town",2,13.4,Paarl Royals,MI Cape Town,Mujeeb Ur Rahman,KT Maphaka,K Rabada,6,0,,,,,,,,,
1449639,2024/25,2025-01-13,"Newlands, Cape Town",2,13.5,Paarl Royals,MI Cape Town,Mujeeb Ur Rahman,KT Maphaka,K Rabada,1,0,,,,,,,,,
1449639,2024/25,2025-01-13,"Newlands, Cape Town",2,13.6,Paarl Royals,MI Cape Town,KT Maphaka,Mujeeb Ur Rahman,K Rabada,0,0,,,,,,,,,
1449639,2024/25,2025-01-13,"Newlands, Cape Town",2,14.1,Paarl Royals,MI Cape Town,Mujeeb Ur Rahman,KT Maphaka,TA Boult,1,0,,,,,,,,,
1449639,2024/25,2025-01-13,"Newlands, Cape Town",2,14.2,Paarl Royals,MI Cape Town,KT Maphaka,Mujeeb Ur Rahman,TA Boult,0,0,,,,,,,,,
1449639,2024/25,2025-01-13,"Newlands, Cape Town",2,14.3,Paarl Royals,MI Cape Town,KT Maphaka,Mujeeb Ur Rahman,TA Boult,0,0,,,,,,,,,
1449639,2024/25,2025-01-13,"Newlands, Cape Town",2,14.4,Paarl Royals,MI Cape Town,KT Maphaka,Mujeeb Ur Rahman,TA Boult,0,0,,,,,,,,,
1449639,2024/25,2025-01-13,"Newlands, Cape Town",2,14.5,Paarl Royals,MI Cape Town,KT Maphaka,Mujeeb Ur Rahman,TA Boult,1,0,,,,,,,,,
1449639,2024/25,2025-01-13,"Newlands, Cape Town",2,14.6,Paarl Royals,MI Cape Town,Mujeeb Ur Rahman,KT Maphaka,TA Boult,1,0,,,,,,,,,
1449639,2024/25,2025-01-13,"Newlands, Cape Town",2,15.1,Paarl Royals,MI Cape Town,Mujeeb Ur Rahman,KT Maphaka,Azmatullah Omarzai,1,0,,,,,,,,,
1449639,2024/25,2025-01-13,"Newlands, Cape Town",2,15.2,Paarl Royals,MI Cape Town,KT Maphaka,Mujeeb Ur Rahman,Azmatullah Omarzai,0,0,,,,,,,,,
1449639,2024/25,2025-01-13,"Newlands, Cape Town",2,15.3,Paarl Royals,MI Cape Town,KT Maphaka,Mujeeb Ur Rahman,Azmatullah Omarzai,0,0,,,,,,,,,
1449639,2024/25,2025-01-13,"Newlands, Cape Town",2,15.4,Paarl Royals,MI Cape Town,KT Maphaka,Mujeeb Ur Rahman,Azmatullah Omarzai,1,0,,,,,,,,,
1449639,2024/25,2025-01-13,"Newlands, Cape Town",2,15.5,Paarl Royals,MI Cape Town,Mujeeb Ur Rahman,KT Maphaka,Azmatullah Omarzai,4,0,,,,,,,,,
1449639,2024/25,2025-01-13,"Newlands, Cape Town",2,15.6,Paarl Royals,MI Cape Town,Mujeeb Ur Rahman,KT Maphaka,Azmatullah Omarzai,1,0,,,,,,,,,
1449639,2024/25,2025-01-13,"Newlands, Cape Town",2,16.1,Paarl Royals,MI Cape Town,Mujeeb Ur Rahman,KT Maphaka,TA Boult,0,0,,,,,,,,,
1449639,2024/25,2025-01-13,"Newlands, Cape Town",2,16.2,Paarl Royals,MI Cape Town,Mujeeb Ur Rahman,KT Maphaka,TA Boult,0,1,1,,,,,,,,
1449639,2024/25,2025-01-13,"Newlands, Cape Town",2,16.3,Paarl Royals,MI Cape Town,Mujeeb Ur Rahman,KT Maphaka,TA Boult,1,0,,,,,,,,,
1449639,2024/25,2025-01-13,"Newlands, Cape Town",2,16.4,Paarl Royals,MI Cape Town,KT Maphaka,Mujeeb Ur Rahman,TA Boult,0,0,,,,,,,,,
1449639,2024/25,2025-01-13,"Newlands, Cape Town",2,16.5,Paarl Royals,MI Cape Town,KT Maphaka,Mujeeb Ur Rahman,TA Boult,0,0,,,,,,,,,
1449639,2024/25,2025-01-13,"Newlands, Cape Town",2,16.6,Paarl Royals,MI Cape Town,KT Maphaka,Mujeeb Ur Rahman,TA Boult,1,0,,,,,,,,,
1449639,2024/25,2025-01-13,"Newlands, Cape Town",2,16.7,Paarl Royals,MI Cape Town,Mujeeb Ur Rahman,KT Maphaka,TA Boult,1,0,,,,,,,,,
1449639,2024/25,2025-01-13,"Newlands, Cape Town",2,17.1,Paarl Royals,MI Cape Town,Mujeeb Ur Rahman,KT Maphaka,K Rabada,6,0,,,,,,,,,
1449639,2024/25,2025-01-13,"Newlands, Cape Town",2,17.2,Paarl Royals,MI Cape Town,Mujeeb Ur Rahman,KT Maphaka,K Rabada,0,0,,,,,,,,,
1449639,2024/25,2025-01-13,"Newlands, Cape Town",2,17.3,Paarl Royals,MI Cape Town,Mujeeb Ur Rahman,KT Maphaka,K Rabada,0,0,,,,,,,,,
1449639,2024/25,2025-01-13,"Newlands, Cape Town",2,17.4,Paarl Royals,MI Cape Town,Mujeeb Ur Rahman,KT Maphaka,K Rabada,1,0,,,,,,,,,
1449639,2024/25,2025-01-13,"Newlands, Cape Town",2,17.5,Paarl Royals,MI Cape Town,KT Maphaka,Mujeeb Ur Rahman,K Rabada,0,0,,,,,,,,,
1449639,2024/25,2025-01-13,"Newlands, Cape Town",2,17.6,Paarl Royals,MI Cape Town,KT Maphaka,Mujeeb Ur Rahman,K Rabada,6,0,,,,,,,,,
1449639,2024/25,2025-01-13,"Newlands, Cape Town",2,18.1,Paarl Royals,MI Cape Town,Mujeeb Ur Rahman,KT Maphaka,Azmatullah Omarzai,6,0,,,,,,,,,
1449639,2024/25,2025-01-13,"Newlands, Cape Town",2,18.2,Paarl Royals,MI Cape Town,Mujeeb Ur Rahman,KT Maphaka,Azmatullah Omarzai,0,0,,,,,,bowled,Mujeeb Ur Rahman,,
1449639,2024/25,2025-01-13,"Newlands, Cape Town",2,18.3,Paarl Royals,MI Cape Town,L Ngidi,KT Maphaka,Azmatullah Omarzai,1,0,,,,,,,,,
1449639,2024/25,2025-01-13,"Newlands, Cape Town",2,18.4,Paarl Royals,MI Cape Town,KT Maphaka,L Ngidi,Azmatullah Omarzai,1,0,,,,,,,,,
1449639,2024/25,2025-01-13,"Newlands, Cape Town",2,18.5,Paarl Royals,MI Cape Town,L Ngidi,KT Maphaka,Azmatullah Omarzai,0,0,,,,,,,,,
1449639,2024/25,2025-01-13,"Newlands, Cape Town",2,18.6,Paarl Royals,MI Cape Town,L Ngidi,KT Maphaka,Azmatullah Omarzai,1,0,,,,,,,,,
1449639,2024/25,2025-01-13,"Newlands, Cape Town",2,19.1,Paarl Royals,MI Cape Town,L Ngidi,KT Maphaka,D Potgieter,1,0,,,,,,,,,
1449639,2024/25,2025-01-13,"Newlands, Cape Town",2,19.2,Paarl Royals,MI Cape Town,KT Maphaka,L Ngidi,D Potgieter,6,0,,,,,,,,,
1449639,2024/25,2025-01-13,"Newlands, Cape Town",2,19.3,Paarl Royals,MI Cape Town,KT Maphaka,L Ngidi,D Potgieter,4,0,,,,,,,,,
1449639,2024/25,2025-01-13,"Newlands, Cape Town",2,19.4,Paarl Royals,MI Cape Town,KT Maphaka,L Ngidi,D Potgieter,1,0,,,,,,,,,
1449639,2024/25,2025-01-13,"Newlands, Cape Town",2,19.5,Paarl Royals,MI Cape Town,L Ngidi,KT Maphaka,D Potgieter,1,0,,,,,,,,,
1449639,2024/25,2025-01-13,"Newlands, Cape Town",2,19.6,Paarl Royals,MI Cape Town,KT Maphaka,L Ngidi,D Potgieter,0,0,,,,,,,,,
