match_id,season,start_date,venue,innings,ball,batting_team,bowling_team,striker,non_striker,bowler,runs_off_bat,extras,wides,noballs,byes,legbyes,penalty,wicket_type,player_dismissed,other_wicket_type,other_player_dismissed
1449665,2024/25,2025-02-05,"SuperSport Park, Centurion",1,0.1,Sunrisers Eastern Cape,Joburg Super Kings,DG Bedingham,T de Zorzi,L Sipamla,4,0,,,,,,,,,
1449665,2024/25,2025-02-05,"SuperSport Park, Centurion",1,0.2,Sunrisers Eastern Cape,Joburg Super Kings,DG Bedingham,T de Zorzi,L Sipamla,2,0,,,,,,,,,
1449665,2024/25,2025-02-05,"SuperSport Park, Centurion",1,0.3,Sunrisers Eastern Cape,Joburg Super Kings,DG Bedingham,T de Zorzi,L Sipamla,4,0,,,,,,,,,
1449665,2024/25,2025-02-05,"SuperSport Park, Centurion",1,0.4,Sunrisers Eastern Cape,Joburg Super Kings,DG Bedingham,T de Zorzi,L Sipamla,0,0,,,,,,,,,
1449665,2024/25,2025-02-05,"SuperSport Park, Centurion",1,0.5,Sunrisers Eastern Cape,Joburg Super Kings,DG Bedingham,T de Zorzi,L Sipamla,1,0,,,,,,,,,
1449665,2024/25,2025-02-05,"SuperSport Park, Centurion",1,0.6,Sunrisers Eastern Cape,Joburg Super Kings,T de Zorzi,DG Bedingham,L Sipamla,1,0,,,,,,,,,
1449665,2024/25,2025-02-05,"SuperSport Park, Centurion",1,1.1,Sunrisers Eastern Cape,Joburg Super Kings,T de Zorzi,DG Bedingham,M Theekshana,0,1,,1,,,,,,,
1449665,2024/25,2025-02-05,"SuperSport Park, Centurion",1,1.2,Sunrisers Eastern Cape,Joburg Super Kings,T de Zorzi,DG Bedingham,M Theekshana,1,0,,,,,,,,,
1449665,2024/25,2025-02-05,"SuperSport Park, Centurion",1,1.3,Sunrisers Eastern Cape,Joburg Super Kings,DG Bedingham,T de Zorzi,M Theekshana,1,0,,,,,,,,,
1449665,2024/25,2025-02-05,"SuperSport Park, Centurion",1,1.4,Sunrisers Eastern Cape,Joburg Super Kings,T de Zorzi,DG Bedingham,M Theekshana,4,0,,,,,,,,,
1449665,2024/25,2025-02-05,"SuperSport Park, Centurion",1,1.5,Sunrisers Eastern Cape,Joburg Super Kings,T de Zorzi,DG Bedingham,M Theekshana,1,0,,,,,,,,,
1449665,2024/25,2025-02-05,"SuperSport Park, Centurion",1,1.6,Sunrisers Eastern Cape,Joburg Super Kings,DG Bedingham,T de Zorzi,M Theekshana,0,0,,,,,,,,,
1449665,2024/25,2025-02-05,"SuperSport Park, Centurion",1,1.7,Sunrisers Eastern Cape,Joburg Super Kings,DG Bedingham,T de Zorzi,M Theekshana,1,0,,,,,,,,,
1449665,2024/25,2025-02-05,"SuperSport Park, Centurion",1,2.1,Sunrisers Eastern Cape,Joburg Super Kings,DG Bedingham,T de Zorzi,L Sipamla,2,0,,,,,,,,,
1449665,2024/25,2025-02-05,"SuperSport Park, Centurion",1,2.2,Sunrisers Eastern Cape,Joburg Super Kings,DG Bedingham,T de Zorzi,L Sipamla,4,0,,,,,,,,,
1449665,2024/25,2025-02-05,"SuperSport Park, Centurion",1,2.3,Sunrisers Eastern Cape,Joburg Super Kings,DG Bedingham,T de Zorzi,L Sipamla,6,0,,,,,,,,,
1449665,2024/25,2025-02-05,"SuperSport Park, Centurion",1,2.4,Sunrisers Eastern Cape,Joburg Super Kings,DG Bedingham,T de Zorzi,L Sipamla,1,0,,,,,,,,,
1449665,2024/25,2025-02-05,"SuperSport Park, Centurion",1,2.5,Sunrisers Eastern Cape,Joburg Super Kings,T de Zorzi,DG Bedingham,L Sipamla,6,0,,,,,,,,,
1449665,2024/25,2025-02-05,"SuperSport Park, Centurion",1,2.6,Sunrisers Eastern Cape,Joburg Super Kings,T de Zorzi,DG Bedingham,L Sipamla,0,1,1,,,,,,,,
1449665,2024/25,2025-02-05,"SuperSport Park, Centurion",1,2.7,Sunrisers Eastern Cape,Joburg Super Kings,T de Zorzi,DG Bedingham,L Sipamla,1,0,,,,,,,,,
1449665,2024/25,2025-02-05,"SuperSport Park, Centurion",1,3.1,Sunrisers Eastern Cape,Joburg Super Kings,T de Zorzi,DG Bedingham,M Theekshana,0,4,,,4,,,,,,
1449665,2024/25,2025-02-05,"SuperSport Park, Centurion",1,3.2,Sunrisers Eastern Cape,Joburg Super Kings,T de Zorzi,DG Bedingham,M Theekshana,0,0,,,,,,bowled,T de Zorzi,,
1449665,2024/25,2025-02-05,"SuperSport Park, Centurion",1,3.3,Sunrisers Eastern Cape,Joburg Super Kings,J Hermann,DG Bedingham,M Theekshana,1,0,,,,,,,,,
1449665,2024/25,2025-02-05,"SuperSport Park, Centurion",1,3.4,Sunrisers Eastern Cape,Joburg Super Kings,DG Bedingham,J Hermann,M Theekshana,1,0,,,,,,,,,
1449665,2024/25,2025-02-05,"SuperSport Park, Centurion",1,3.5,Sunrisers Eastern Cape,Joburg Super Kings,J Hermann,DG Bedingham,M Theekshana,0,0,,,,,,,,,
1449665,2024/25,2025-02-05,"SuperSport Park, Centurion",1,3.6,Sunrisers Eastern Cape,Joburg Super Kings,J Hermann,DG Bedingham,M Theekshana,0,0,,,,,,,,,
1449665,2024/25,2025-02-05,"SuperSport Park, Centurion",1,4.1,Sunrisers Eastern Cape,Joburg Super Kings,DG Bedingham,J Hermann,Imran Tahir,0,0,,,,,,caught,DG Bedingham,,
1449665,2024/25,2025-02-05,"SuperSport Park, Centurion",1,4.2,Sunrisers Eastern Cape,Joburg Super Kings,TB Abell,J Hermann,Imran Tahir,0,0,,,,,,,,,
1449665,2024/25,2025-02-05,"SuperSport Park, Centurion",1,4.3,Sunrisers Eastern Cape,Joburg Super Kings,TB Abell,J Hermann,Imran Tahir,1,0,,,,,,,,,
1449665,2024/25,2025-02-05,"SuperSport Park, Centurion",1,4.4,Sunrisers Eastern Cape,Joburg Super Kings,J Hermann,TB Abell,Imran Tahir,0,0,,,,,,,,,
1449665,2024/25,2025-02-05,"SuperSport Park, Centurion",1,4.5,Sunrisers Eastern Cape,Joburg Super Kings,J Hermann,TB Abell,Imran Tahir,0,0,,,,,,,,,
1449665,2024/25,2025-02-05,"SuperSport Park, Centurion",1,4.6,Sunrisers Eastern Cape,Joburg Super Kings,J Hermann,TB Abell,Imran Tahir,4,0,,,,,,,,,
1449665,2024/25,2025-02-05,"SuperSport Park, Centurion",1,5.1,Sunrisers Eastern Cape,Joburg Super Kings,TB Abell,J Hermann,MM Ali,0,0,,,,,,,,,
1449665,2024/25,2025-02-05,"SuperSport Park, Centurion",1,5.2,Sunrisers Eastern Cape,Joburg Super Kings,TB Abell,J Hermann,MM Ali,0,0,,,,,,,,,
1449665,2024/25,2025-02-05,"SuperSport Park, Centurion",1,5.3,Sunrisers Eastern Cape,Joburg Super Kings,TB Abell,J Hermann,MM Ali,1,0,,,,,,,,,
1449665,2024/25,2025-02-05,"SuperSport Park, Centurion",1,5.4,Sunrisers Eastern Cape,Joburg Super Kings,J Hermann,TB Abell,MM Ali,0,0,,,,,,,,,
1449665,2024/25,2025-02-05,"SuperSport Park, Centurion",1,5.5,Sunrisers Eastern Cape,Joburg Super Kings,J Hermann,TB Abell,MM Ali,0,0,,,,,,,,,
1449665,2024/25,2025-02-05,"SuperSport Park, Centurion",1,5.6,Sunrisers Eastern Cape,Joburg Super Kings,J Hermann,TB Abell,MM Ali,1,0,,,,,,,,,
1449665,2024/25,2025-02-05,"SuperSport Park, Centurion",1,6.1,Sunrisers Eastern Cape,Joburg Super Kings,J Hermann,TB Abell,Imran Tahir,1,0,,,,,,,,,
1449665,2024/25,2025-02-05,"SuperSport Park, Centurion",1,6.2,Sunrisers Eastern Cape,Joburg Super Kings,TB Abell,J Hermann,Imran Tahir,1,0,,,,,,,,,
1449665,2024/25,2025-02-05,"SuperSport Park, Centurion",1,6.3,Sunrisers Eastern Cape,Joburg Super Kings,J Hermann,TB Abell,Imran Tahir,1,0,,,,,,,,,
1449665,2024/25,2025-02-05,"SuperSport Park, Centurion",1,6.4,Sunrisers Eastern Cape,Joburg Super Kings,TB Abell,J Hermann,Imran Tahir,1,0,,,,,,,,,
1449665,2024/25,2025-02-05,"SuperSport Park, Centurion",1,6.5,Sunrisers Eastern Cape,Joburg Super Kings,J Hermann,TB Abell,Imran Tahir,1,0,,,,,,,,,
1449665,2024/25,2025-02-05,"SuperSport Park, Centurion",1,6.6,Sunrisers Eastern Cape,Joburg Super Kings,TB Abell,J Hermann,Imran Tahir,2,0,,,,,,,,,
1449665,2024/25,2025-02-05,"SuperSport Park, Centurion",1,7.1,Sunrisers Eastern Cape,Joburg Super Kings,J Hermann,TB Abell,MM Ali,1,0,,,,,,,,,
1449665,2024/25,2025-02-05,"SuperSport Park, Centurion",1,7.2,Sunrisers Eastern Cape,Joburg Super Kings,TB Abell,J Hermann,MM Ali,4,0,,,,,,,,,
1449665,2024/25,2025-02-05,"SuperSport Park, Centurion",1,7.3,Sunrisers Eastern Cape,Joburg Super Kings,TB Abell,J Hermann,MM Ali,0,0,,,,,,caught and bowled,TB Abell,,
1449665,2024/25,2025-02-05,"SuperSport Park, Centurion",1,7.4,Sunrisers Eastern Cape,Joburg Super Kings,AK Markram,J Hermann,MM Ali,1,0,,,,,,,,,
1449665,2024/25,2025-02-05,"SuperSport Park, Centurion",1,7.5,Sunrisers Eastern Cape,Joburg Super Kings,J Hermann,AK Markram,MM Ali,1,0,,,,,,,,,
1449665,2024/25,2025-02-05,"SuperSport Park, Centurion",1,7.6,Sunrisers Eastern Cape,Joburg Super Kings,AK Markram,J Hermann,MM Ali,1,0,,,,,,,,,
1449665,2024/25,2025-02-05,"SuperSport Park, Centurion",1,8.1,Sunrisers Eastern Cape,Joburg Super Kings,AK Markram,J Hermann,GC Viljoen,1,0,,,,,,,,,
1449665,2024/25,2025-02-05,"SuperSport Park, Centurion",1,8.2,Sunrisers Eastern Cape,Joburg Super Kings,J Hermann,AK Markram,GC Viljoen,1,0,,,,,,,,,
1449665,2024/25,2025-02-05,"SuperSport Park, Centurion",1,8.3,Sunrisers Eastern Cape,Joburg Super Kings,AK Markram,J Hermann,GC Viljoen,2,0,,,,,,,,,
1449665,2024/25,2025-02-05,"SuperSport Park, Centurion",1,8.4,Sunrisers Eastern Cape,Joburg Super Kings,AK Markram,J Hermann,GC Viljoen,0,0,,,,,,,,,
1449665,2024/25,2025-02-05,"SuperSport Park, Centurion",1,8.5,Sunrisers Eastern Cape,Joburg Super Kings,AK Markram,J Hermann,GC Viljoen,1,0,,,,,,,,,
1449665,2024/25,2025-02-05,"SuperSport Park, Centurion",1,8.6,Sunrisers Eastern Cape,Joburg Super Kings,J Hermann,AK Markram,GC Viljoen,0,0,,,,,,caught,J Hermann,,
1449665,2024/25,2025-02-05,"SuperSport Park, Centurion",1,9.1,Sunrisers Eastern Cape,Joburg Super Kings,AK Markram,T Stubbs,MM Ali,1,0,,,,,,,,,
1449665,2024/25,2025-02-05,"SuperSport Park, Centurion",1,9.2,Sunrisers Eastern Cape,Joburg Super Kings,T Stubbs,AK Markram,MM Ali,0,0,,,,,,,,,
1449665,2024/25,2025-02-05,"SuperSport Park, Centurion",1,9.3,Sunrisers Eastern Cape,Joburg Super Kings,T Stubbs,AK Markram,MM Ali,1,0,,,,,,,,,
1449665,2024/25,2025-02-05,"SuperSport Park, Centurion",1,9.4,Sunrisers Eastern Cape,Joburg Super Kings,AK Markram,T Stubbs,MM Ali,0,0,,,,,,,,,
1449665,2024/25,2025-02-05,"SuperSport Park, Centurion",1,9.5,Sunrisers Eastern Cape,Joburg Super Kings,AK Markram,T Stubbs,MM Ali,1,0,,,,,,,,,
1449665,2024/25,2025-02-05,"SuperSport Park, Centurion",1,9.6,Sunrisers Eastern Cape,Joburg Super Kings,T Stubbs,AK Markram,MM Ali,1,0,,,,,,,,,
1449665,2024/25,2025-02-05,"SuperSport Park, Centurion",1,10.1,Sunrisers Eastern Cape,Joburg Super Kings,T Stubbs,AK Markram,GC Viljoen,0,0,,,,,,,,,
1449665,2024/25,2025-02-05,"SuperSport Park, Centurion",1,10.2,Sunrisers Eastern Cape,Joburg Super Kings,T Stubbs,AK Markram,GC Viljoen,1,0,,,,,,,,,
1449665,2024/25,2025-02-05,"SuperSport Park, Centurion",1,10.3,Sunrisers Eastern Cape,Joburg Super Kings,AK Markram,T Stubbs,GC Viljoen,2,0,,,,,,,,,
1449665,2024/25,2025-02-05,"SuperSport Park, Centurion",1,10.4,Sunrisers Eastern Cape,Joburg Super Kings,AK Markram,T Stubbs,GC Viljoen,1,0,,,,,,,,,
1449665,2024/25,2025-02-05,"SuperSport Park, Centurion",1,10.5,Sunrisers Eastern Cape,Joburg Super Kings,T Stubbs,AK Markram,GC Viljoen,1,0,,,,,,,,,
1449665,2024/25,2025-02-05,"SuperSport Park, Centurion",1,10.6,Sunrisers Eastern Cape,Joburg Super Kings,AK Markram,T Stubbs,GC Viljoen,4,0,,,,,,,,,
1449665,2024/25,2025-02-05,"SuperSport Park, Centurion",1,11.1,Sunrisers Eastern Cape,Joburg Super Kings,T Stubbs,AK Markram,Imran Tahir,1,0,,,,,,,,,
1449665,2024/25,2025-02-05,"SuperSport Park, Centurion",1,11.2,Sunrisers Eastern Cape,Joburg Super Kings,AK Markram,T Stubbs,Imran Tahir,2,0,,,,,,,,,
1449665,2024/25,2025-02-05,"SuperSport Park, Centurion",1,11.3,Sunrisers Eastern Cape,Joburg Super Kings,AK Markram,T Stubbs,Imran Tahir,0,0,,,,,,,,,
1449665,2024/25,2025-02-05,"SuperSport Park, Centurion",1,11.4,Sunrisers Eastern Cape,Joburg Super Kings,AK Markram,T Stubbs,Imran Tahir,0,0,,,,,,,,,
1449665,2024/25,2025-02-05,"SuperSport Park, Centurion",1,11.5,Sunrisers Eastern Cape,Joburg Super Kings,AK Markram,T Stubbs,Imran Tahir,1,0,,,,,,,,,
1449665,2024/25,2025-02-05,"SuperSport Park, Centurion",1,11.6,Sunrisers Eastern Cape,Joburg Super Kings,T Stubbs,AK Markram,Imran Tahir,0,0,,,,,,,,,
1449665,2024/25,2025-02-05,"SuperSport Park, Centurion",1,12.1,Sunrisers Eastern Cape,Joburg Super Kings,AK Markram,T Stubbs,MM Ali,0,0,,,,,,,,,
1449665,2024/25,2025-02-05,"SuperSport Park, Centurion",1,12.2,Sunrisers Eastern Cape,Joburg Super Kings,AK Markram,T Stubbs,MM Ali,0,0,,,,,,,,,
1449665,2024/25,2025-02-05,"SuperSport Park, Centurion",1,12.3,Sunrisers Eastern Cape,Joburg Super Kings,AK Markram,T Stubbs,MM Ali,4,0,,,,,,,,,
1449665,2024/25,2025-02-05,"SuperSport Park, Centurion",1,12.4,Sunrisers Eastern Cape,Joburg Super Kings,AK Markram,T Stubbs,MM Ali,1,0,,,,,,,,,
1449665,2024/25,2025-02-05,"SuperSport Park, Centurion",1,12.5,Sunrisers Eastern Cape,Joburg Super Kings,T Stubbs,AK Markram,MM Ali,0,0,,,,,,,,,
1449665,2024/25,2025-02-05,"SuperSport Park, Centurion",1,12.6,Sunrisers Eastern Cape,Joburg Super Kings,T Stubbs,AK Markram,MM Ali,0,0,,,,,,,,,
1449665,2024/25,2025-02-05,"SuperSport Park, Centurion",1,13.1,Sunrisers Eastern Cape,Joburg Super Kings,AK Markram,T Stubbs,M Theekshana,1,0,,,,,,,,,
1449665,2024/25,2025-02-05,"SuperSport Park, Centurion",1,13.2,Sunrisers Eastern Cape,Joburg Super Kings,T Stubbs,AK Markram,M Theekshana,0,0,,,,,,,,,
1449665,2024/25,2025-02-05,"SuperSport Park, Centurion",1,13.3,Sunrisers Eastern Cape,Joburg Super Kings,T Stubbs,AK Markram,M Theekshana,6,0,,,,,,,,,
1449665,2024/25,2025-02-05,"SuperSport Park, Centurion",1,13.4,Sunrisers Eastern Cape,Joburg Super Kings,T Stubbs,AK Markram,M Theekshana,0,0,,,,,,,,,
1449665,2024/25,2025-02-05,"SuperSport Park, Centurion",1,13.5,Sunrisers Eastern Cape,Joburg Super Kings,T Stubbs,AK Markram,M Theekshana,1,0,,,,,,,,,
1449665,2024/25,2025-02-05,"SuperSport Park, Centurion",1,13.6,Sunrisers Eastern Cape,Joburg Super Kings,AK Markram,T Stubbs,M Theekshana,1,0,,,,,,,,,
1449665,2024/25,2025-02-05,"SuperSport Park, Centurion",1,14.1,Sunrisers Eastern Cape,Joburg Super Kings,AK Markram,T Stubbs,L Sipamla,3,0,,,,,,,,,
1449665,2024/25,2025-02-05,"SuperSport Park, Centurion",1,14.2,Sunrisers Eastern Cape,Joburg Super Kings,T Stubbs,AK Markram,L Sipamla,1,0,,,,,,,,,
1449665,2024/25,2025-02-05,"SuperSport Park, Centurion",1,14.3,Sunrisers Eastern Cape,Joburg Super Kings,AK Markram,T Stubbs,L Sipamla,1,0,,,,,,,,,
1449665,2024/25,2025-02-05,"SuperSport Park, Centurion",1,14.4,Sunrisers Eastern Cape,Joburg Super Kings,T Stubbs,AK Markram,L Sipamla,1,0,,,,,,,,,
1449665,2024/25,2025-02-05,"SuperSport Park, Centurion",1,14.5,Sunrisers Eastern Cape,Joburg Super Kings,AK Markram,T Stubbs,L Sipamla,1,0,,,,,,,,,
1449665,2024/25,2025-02-05,"SuperSport Park, Centurion",1,14.6,Sunrisers Eastern Cape,Joburg Super Kings,T Stubbs,AK Markram,L Sipamla,4,0,,,,,,,,,
1449665,2024/25,2025-02-05,"SuperSport Park, Centurion",1,15.1,Sunrisers Eastern Cape,Joburg Super Kings,AK Markram,T Stubbs,GC Viljoen,1,0,,,,,,,,,
1449665,2024/25,2025-02-05,"SuperSport Park, Centurion",1,15.2,Sunrisers Eastern Cape,Joburg Super Kings,T Stubbs,AK Markram,GC Viljoen,6,0,,,,,,,,,
1449665,2024/25,2025-02-05,"SuperSport Park, Centurion",1,15.3,Sunrisers Eastern Cape,Joburg Super Kings,T Stubbs,AK Markram,GC Viljoen,1,0,,,,,,,,,
1449665,2024/25,2025-02-05,"SuperSport Park, Centurion",1,15.4,Sunrisers Eastern Cape,Joburg Super Kings,AK Markram,T Stubbs,GC Viljoen,1,0,,,,,,,,,
1449665,2024/25,2025-02-05,"SuperSport Park, Centurion",1,15.5,Sunrisers Eastern Cape,Joburg Super Kings,T Stubbs,AK Markram,GC Viljoen,1,0,,,,,,,,,
1449665,2024/25,2025-02-05,"SuperSport Park, Centurion",1,15.6,Sunrisers Eastern Cape,Joburg Super Kings,AK Markram,T Stubbs,GC Viljoen,4,0,,,,,,,,,
1449665,2024/25,2025-02-05,"SuperSport Park, Centurion",1,16.1,Sunrisers Eastern Cape,Joburg Super Kings,T Stubbs,AK Markram,Imran Tahir,0,0,,,,,,caught,T Stubbs,,
1449665,2024/25,2025-02-05,"SuperSport Park, Centurion",1,16.2,Sunrisers Eastern Cape,Joburg Super Kings,M Jansen,AK Markram,Imran Tahir,0,0,,,,,,,,,
1449665,2024/25,2025-02-05,"SuperSport Park, Centurion",1,16.3,Sunrisers Eastern Cape,Joburg Super Kings,M Jansen,AK Markram,Imran Tahir,1,0,,,,,,,,,
1449665,2024/25,2025-02-05,"SuperSport Park, Centurion",1,16.4,Sunrisers Eastern Cape,Joburg Super Kings,AK Markram,M Jansen,Imran Tahir,1,0,,,,,,,,,
1449665,2024/25,2025-02-05,"SuperSport Park, Centurion",1,16.5,Sunrisers Eastern Cape,Joburg Super Kings,M Jansen,AK Markram,Imran Tahir,0,1,1,,,,,,,,
1449665,2024/25,2025-02-05,"SuperSport Park, Centurion",1,16.6,Sunrisers Eastern Cape,Joburg Super Kings,M Jansen,AK Markram,Imran Tahir,1,0,,,,,,,,,
1449665,2024/25,2025-02-05,"SuperSport Park, Centurion",1,16.7,Sunrisers Eastern Cape,Joburg Super Kings,AK Markram,M Jansen,Imran Tahir,1,0,,,,,,,,,
1449665,2024/25,2025-02-05,"SuperSport Park, Centurion",1,17.1,Sunrisers Eastern Cape,Joburg Super Kings,AK Markram,M Jansen,M Theekshana,1,0,,,,,,,,,
1449665,2024/25,2025-02-05,"SuperSport Park, Centurion",1,17.2,Sunrisers Eastern Cape,Joburg Super Kings,M Jansen,AK Markram,M Theekshana,0,0,,,,,,,,,
1449665,2024/25,2025-02-05,"SuperSport Park, Centurion",1,17.3,Sunrisers Eastern Cape,Joburg Super Kings,M Jansen,AK Markram,M Theekshana,0,1,,,1,,,,,,
1449665,2024/25,2025-02-05,"SuperSport Park, Centurion",1,17.4,Sunrisers Eastern Cape,Joburg Super Kings,AK Markram,M Jansen,M Theekshana,4,0,,,,,,,,,
1449665,2024/25,2025-02-05,"SuperSport Park, Centurion",1,17.5,Sunrisers Eastern Cape,Joburg Super Kings,AK Markram,M Jansen,M Theekshana,4,0,,,,,,,,,
1449665,2024/25,2025-02-05,"SuperSport Park, Centurion",1,17.6,Sunrisers Eastern Cape,Joburg Super Kings,AK Markram,M Jansen,M Theekshana,0,0,,,,,,,,,
1449665,2024/25,2025-02-05,"SuperSport Park, Centurion",1,18.1,Sunrisers Eastern Cape,Joburg Super Kings,M Jansen,AK Markram,L Sipamla,6,0,,,,,,,,,
1449665,2024/25,2025-02-05,"SuperSport Park, Centurion",1,18.2,Sunrisers Eastern Cape,Joburg Super Kings,M Jansen,AK Markram,L Sipamla,1,0,,,,,,,,,
1449665,2024/25,2025-02-05,"SuperSport Park, Centurion",1,18.3,Sunrisers Eastern Cape,Joburg Super Kings,AK Markram,M Jansen,L Sipamla,6,0,,,,,,,,,
1449665,2024/25,2025-02-05,"SuperSport Park, Centurion",1,18.4,Sunrisers Eastern Cape,Joburg Super Kings,AK Markram,M Jansen,L Sipamla,0,2,,1,1,,,,,,
1449665,2024/25,2025-02-05,"SuperSport Park, Centurion",1,18.5,Sunrisers Eastern Cape,Joburg Super Kings,M Jansen,AK Markram,L Sipamla,4,0,,,,,,,,,
1449665,2024/25,2025-02-05,"SuperSport Park, Centurion",1,18.6,Sunrisers Eastern Cape,Joburg Super Kings,M Jansen,AK Markram,L Sipamla,4,0,,,,,,,,,
1449665,2024/25,2025-02-05,"SuperSport Park, Centurion",1,18.7,Sunrisers Eastern Cape,Joburg Super Kings,M Jansen,AK Markram,L Sipamla,6,0,,,,,,,,,
1449665,2024/25,2025-02-05,"SuperSport Park, Centurion",1,19.1,Sunrisers Eastern Cape,Joburg Super Kings,AK Markram,M Jansen,GC Viljoen,2,0,,,,,,,,,
1449665,2024/25,2025-02-05,"SuperSport Park, Centurion",1,19.2,Sunrisers Eastern Cape,Joburg Super Kings,AK Markram,M Jansen,GC Viljoen,6,0,,,,,,,,,
1449665,2024/25,2025-02-05,"SuperSport Park, Centurion",1,19.3,Sunrisers Eastern Cape,Joburg Super Kings,AK Markram,M Jansen,GC Viljoen,0,0,,,,,,,,,
1449665,2024/25,2025-02-05,"SuperSport Park, Centurion",1,19.4,Sunrisers Eastern Cape,Joburg Super Kings,AK Markram,M Jansen,GC Viljoen,1,0,,,,,,,,,
1449665,2024/25,2025-02-05,"SuperSport Park, Centurion",1,19.5,Sunrisers Eastern Cape,Joburg Super Kings,M Jansen,AK Markram,GC Viljoen,0,0,,,,,,,,,
1449665,2024/25,2025-02-05,"SuperSport Park, Centurion",1,19.6,Sunrisers Eastern Cape,Joburg Super Kings,M Jansen,AK Markram,GC Viljoen,0,0,,,,,,caught,M Jansen,,
1449665,2024/25,2025-02-05,"SuperSport Park, Centurion",2,0.1,Joburg Super Kings,Sunrisers Eastern Cape,DP Conway,F du Plessis,C Overton,0,0,,,,,,,,,
1449665,2024/25,2025-02-05,"SuperSport Park, Centurion",2,0.2,Joburg Super Kings,Sunrisers Eastern Cape,DP Conway,F du Plessis,C Overton,0,0,,,,,,,,,
1449665,2024/25,2025-02-05,"SuperSport Park, Centurion",2,0.3,Joburg Super Kings,Sunrisers Eastern Cape,DP Conway,F du Plessis,C Overton,4,0,,,,,,,,,
1449665,2024/25,2025-02-05,"SuperSport Park, Centurion",2,0.4,Joburg Super Kings,Sunrisers Eastern Cape,DP Conway,F du Plessis,C Overton,1,0,,,,,,,,,
1449665,2024/25,2025-02-05,"SuperSport Park, Centurion",2,0.5,Joburg Super Kings,Sunrisers Eastern Cape,F du Plessis,DP Conway,C Overton,1,0,,,,,,,,,
1449665,2024/25,2025-02-05,"SuperSport Park, Centurion",2,0.6,Joburg Super Kings,Sunrisers Eastern Cape,DP Conway,F du Plessis,C Overton,0,0,,,,,,,,,
1449665,2024/25,2025-02-05,"SuperSport Park, Centurion",2,1.1,Joburg Super Kings,Sunrisers Eastern Cape,F du Plessis,DP Conway,M Jansen,0,1,1,,,,,,,,
1449665,2024/25,2025-02-05,"SuperSport Park, Centurion",2,1.2,Joburg Super Kings,Sunrisers Eastern Cape,F du Plessis,DP Conway,M Jansen,1,0,,,,,,,,,
1449665,2024/25,2025-02-05,"SuperSport Park, Centurion",2,1.3,Joburg Super Kings,Sunrisers Eastern Cape,DP Conway,F du Plessis,M Jansen,0,0,,,,,,,,,
1449665,2024/25,2025-02-05,"SuperSport Park, Centurion",2,1.4,Joburg Super Kings,Sunrisers Eastern Cape,DP Conway,F du Plessis,M Jansen,0,1,1,,,,,,,,
1449665,2024/25,2025-02-05,"SuperSport Park, Centurion",2,1.5,Joburg Super Kings,Sunrisers Eastern Cape,DP Conway,F du Plessis,M Jansen,2,0,,,,,,,,,
1449665,2024/25,2025-02-05,"SuperSport Park, Centurion",2,1.6,Joburg Super Kings,Sunrisers Eastern Cape,DP Conway,F du Plessis,M Jansen,1,0,,,,,,,,,
1449665,2024/25,2025-02-05,"SuperSport Park, Centurion",2,1.7,Joburg Super Kings,Sunrisers Eastern Cape,F du Plessis,DP Conway,M Jansen,2,0,,,,,,,,,
1449665,2024/25,2025-02-05,"SuperSport Park, Centurion",2,1.8,Joburg Super Kings,Sunrisers Eastern Cape,F du Plessis,DP Conway,M Jansen,0,1,1,,,,,,,,
1449665,2024/25,2025-02-05,"SuperSport Park, Centurion",2,1.9,Joburg Super Kings,Sunrisers Eastern Cape,F du Plessis,DP Conway,M Jansen,0,1,1,,,,,,,,
1449665,2024/25,2025-02-05,"SuperSport Park, Centurion",2,1.10,Joburg Super Kings,Sunrisers Eastern Cape,F du Plessis,DP Conway,M Jansen,0,0,,,,,,,,,
1449665,2024/25,2025-02-05,"SuperSport Park, Centurion",2,2.1,Joburg Super Kings,Sunrisers Eastern Cape,DP Conway,F du Plessis,C Overton,0,0,,,,,,,,,
1449665,2024/25,2025-02-05,"SuperSport Park, Centurion",2,2.2,Joburg Super Kings,Sunrisers Eastern Cape,DP Conway,F du Plessis,C Overton,4,0,,,,,,,,,
1449665,2024/25,2025-02-05,"SuperSport Park, Centurion",2,2.3,Joburg Super Kings,Sunrisers Eastern Cape,DP Conway,F du Plessis,C Overton,0,0,,,,,,,,,
1449665,2024/25,2025-02-05,"SuperSport Park, Centurion",2,2.4,Joburg Super Kings,Sunrisers Eastern Cape,DP Conway,F du Plessis,C Overton,0,0,,,,,,,,,
1449665,2024/25,2025-02-05,"SuperSport Park, Centurion",2,2.5,Joburg Super Kings,Sunrisers Eastern Cape,DP Conway,F du Plessis,C Overton,4,0,,,,,,,,,
1449665,2024/25,2025-02-05,"SuperSport Park, Centurion",2,2.6,Joburg Super Kings,Sunrisers Eastern Cape,DP Conway,F du Plessis,C Overton,1,0,,,,,,,,,
1449665,2024/25,2025-02-05,"SuperSport Park, Centurion",2,3.1,Joburg Super Kings,Sunrisers Eastern Cape,DP Conway,F du Plessis,RJ Gleeson,1,0,,,,,,,,,
1449665,2024/25,2025-02-05,"SuperSport Park, Centurion",2,3.2,Joburg Super Kings,Sunrisers Eastern Cape,F du Plessis,DP Conway,RJ Gleeson,1,0,,,,,,,,,
1449665,2024/25,2025-02-05,"SuperSport Park, Centurion",2,3.3,Joburg Super Kings,Sunrisers Eastern Cape,DP Conway,F du Plessis,RJ Gleeson,0,0,,,,,,,,,
1449665,2024/25,2025-02-05,"SuperSport Park, Centurion",2,3.4,Joburg Super Kings,Sunrisers Eastern Cape,DP Conway,F du Plessis,RJ Gleeson,4,0,,,,,,,,,
1449665,2024/25,2025-02-05,"SuperSport Park, Centurion",2,3.5,Joburg Super Kings,Sunrisers Eastern Cape,DP Conway,F du Plessis,RJ Gleeson,4,0,,,,,,,,,
1449665,2024/25,2025-02-05,"SuperSport Park, Centurion",2,3.6,Joburg Super Kings,Sunrisers Eastern Cape,DP Conway,F du Plessis,RJ Gleeson,4,0,,,,,,,,,
1449665,2024/25,2025-02-05,"SuperSport Park, Centurion",2,4.1,Joburg Super Kings,Sunrisers Eastern Cape,F du Plessis,DP Conway,M Jansen,1,0,,,,,,,,,
1449665,2024/25,2025-02-05,"SuperSport Park, Centurion",2,4.2,Joburg Super Kings,Sunrisers Eastern Cape,DP Conway,F du Plessis,M Jansen,0,0,,,,,,caught,DP Conway,,
1449665,2024/25,2025-02-05,"SuperSport Park, Centurion",2,4.3,Joburg Super Kings,Sunrisers Eastern Cape,JP King,F du Plessis,M Jansen,0,0,,,,,,,,,
1449665,2024/25,2025-02-05,"SuperSport Park, Centurion",2,4.4,Joburg Super Kings,Sunrisers Eastern Cape,JP King,F du Plessis,M Jansen,1,0,,,,,,,,,
1449665,2024/25,2025-02-05,"SuperSport Park, Centurion",2,4.5,Joburg Super Kings,Sunrisers Eastern Cape,F du Plessis,JP King,M Jansen,1,0,,,,,,,,,
1449665,2024/25,2025-02-05,"SuperSport Park, Centurion",2,4.6,Joburg Super Kings,Sunrisers Eastern Cape,JP King,F du Plessis,M Jansen,2,0,,,,,,,,,
1449665,2024/25,2025-02-05,"SuperSport Park, Centurion",2,5.1,Joburg Super Kings,Sunrisers Eastern Cape,F du Plessis,JP King,C Overton,2,0,,,,,,,,,
1449665,2024/25,2025-02-05,"SuperSport Park, Centurion",2,5.2,Joburg Super Kings,Sunrisers Eastern Cape,F du Plessis,JP King,C Overton,0,0,,,,,,,,,
1449665,2024/25,2025-02-05,"SuperSport Park, Centurion",2,5.3,Joburg Super Kings,Sunrisers Eastern Cape,F du Plessis,JP King,C Overton,1,0,,,,,,,,,
1449665,2024/25,2025-02-05,"SuperSport Park, Centurion",2,5.4,Joburg Super Kings,Sunrisers Eastern Cape,JP King,F du Plessis,C Overton,0,0,,,,,,,,,
1449665,2024/25,2025-02-05,"SuperSport Park, Centurion",2,5.5,Joburg Super Kings,Sunrisers Eastern Cape,JP King,F du Plessis,C Overton,1,0,,,,,,,,,
1449665,2024/25,2025-02-05,"SuperSport Park, Centurion",2,5.6,Joburg Super Kings,Sunrisers Eastern Cape,F du Plessis,JP King,C Overton,1,0,,,,,,,,,
1449665,2024/25,2025-02-05,"SuperSport Park, Centurion",2,6.1,Joburg Super Kings,Sunrisers Eastern Cape,F du Plessis,JP King,LA Dawson,1,0,,,,,,,,,
1449665,2024/25,2025-02-05,"SuperSport Park, Centurion",2,6.2,Joburg Super Kings,Sunrisers Eastern Cape,JP King,F du Plessis,LA Dawson,4,0,,,,,,,,,
1449665,2024/25,2025-02-05,"SuperSport Park, Centurion",2,6.3,Joburg Super Kings,Sunrisers Eastern Cape,JP King,F du Plessis,LA Dawson,1,0,,,,,,,,,
1449665,2024/25,2025-02-05,"SuperSport Park, Centurion",2,6.4,Joburg Super Kings,Sunrisers Eastern Cape,F du Plessis,JP King,LA Dawson,1,0,,,,,,,,,
1449665,2024/25,2025-02-05,"SuperSport Park, Centurion",2,6.5,Joburg Super Kings,Sunrisers Eastern Cape,JP King,F du Plessis,LA Dawson,0,0,,,,,,,,,
1449665,2024/25,2025-02-05,"SuperSport Park, Centurion",2,6.6,Joburg Super Kings,Sunrisers Eastern Cape,JP King,F du Plessis,LA Dawson,0,0,,,,,,,,,
1449665,2024/25,2025-02-05,"SuperSport Park, Centurion",2,7.1,Joburg Super Kings,Sunrisers Eastern Cape,F du Plessis,JP King,OEG Baartman,0,0,,,,,,,,,
1449665,2024/25,2025-02-05,"SuperSport Park, Centurion",2,7.2,Joburg Super Kings,Sunrisers Eastern Cape,F du Plessis,JP King,OEG Baartman,4,0,,,,,,,,,
1449665,2024/25,2025-02-05,"SuperSport Park, Centurion",2,7.3,Joburg Super Kings,Sunrisers Eastern Cape,F du Plessis,JP King,OEG Baartman,2,0,,,,,,,,,
1449665,2024/25,2025-02-05,"SuperSport Park, Centurion",2,7.4,Joburg Super Kings,Sunrisers Eastern Cape,F du Plessis,JP King,OEG Baartman,0,0,,,,,,,,,
1449665,2024/25,2025-02-05,"SuperSport Park, Centurion",2,7.5,Joburg Super Kings,Sunrisers Eastern Cape,F du Plessis,JP King,OEG Baartman,0,0,,,,,,caught,F du Plessis,,
1449665,2024/25,2025-02-05,"SuperSport Park, Centurion",2,7.6,Joburg Super Kings,Sunrisers Eastern Cape,WJ Lubbe,JP King,OEG Baartman,0,0,,,,,,,,,
1449665,2024/25,2025-02-05,"SuperSport Park, Centurion",2,8.1,Joburg Super Kings,Sunrisers Eastern Cape,JP King,WJ Lubbe,LA Dawson,0,0,,,,,,bowled,JP King,,
1449665,2024/25,2025-02-05,"SuperSport Park, Centurion",2,8.2,Joburg Super Kings,Sunrisers Eastern Cape,JM Bairstow,WJ Lubbe,LA Dawson,1,0,,,,,,,,,
1449665,2024/25,2025-02-05,"SuperSport Park, Centurion",2,8.3,Joburg Super Kings,Sunrisers Eastern Cape,WJ Lubbe,JM Bairstow,LA Dawson,0,0,,,,,,,,,
1449665,2024/25,2025-02-05,"SuperSport Park, Centurion",2,8.4,Joburg Super Kings,Sunrisers Eastern Cape,WJ Lubbe,JM Bairstow,LA Dawson,0,0,,,,,,,,,
1449665,2024/25,2025-02-05,"SuperSport Park, Centurion",2,8.5,Joburg Super Kings,Sunrisers Eastern Cape,WJ Lubbe,JM Bairstow,LA Dawson,0,0,,,,,,,,,
1449665,2024/25,2025-02-05,"SuperSport Park, Centurion",2,8.6,Joburg Super Kings,Sunrisers Eastern Cape,WJ Lubbe,JM Bairstow,LA Dawson,1,0,,,,,,,,,
1449665,2024/25,2025-02-05,"SuperSport Park, Centurion",2,9.1,Joburg Super Kings,Sunrisers Eastern Cape,WJ Lubbe,JM Bairstow,RJ Gleeson,4,0,,,,,,,,,
1449665,2024/25,2025-02-05,"SuperSport Park, Centurion",2,9.2,Joburg Super Kings,Sunrisers Eastern Cape,WJ Lubbe,JM Bairstow,RJ Gleeson,0,0,,,,,,,,,
1449665,2024/25,2025-02-05,"SuperSport Park, Centurion",2,9.3,Joburg Super Kings,Sunrisers Eastern Cape,WJ Lubbe,JM Bairstow,RJ Gleeson,0,0,,,,,,,,,
1449665,2024/25,2025-02-05,"SuperSport Park, Centurion",2,9.4,Joburg Super Kings,Sunrisers Eastern Cape,WJ Lubbe,JM Bairstow,RJ Gleeson,1,0,,,,,,,,,
1449665,2024/25,2025-02-05,"SuperSport Park, Centurion",2,9.5,Joburg Super Kings,Sunrisers Eastern Cape,JM Bairstow,WJ Lubbe,RJ Gleeson,0,1,,,,1,,,,,
1449665,2024/25,2025-02-05,"SuperSport Park, Centurion",2,9.6,Joburg Super Kings,Sunrisers Eastern Cape,WJ Lubbe,JM Bairstow,RJ Gleeson,1,0,,,,,,,,,
1449665,2024/25,2025-02-05,"SuperSport Park, Centurion",2,10.1,Joburg Super Kings,Sunrisers Eastern Cape,WJ Lubbe,JM Bairstow,LA Dawson,2,0,,,,,,,,,
1449665,2024/25,2025-02-05,"SuperSport Park, Centurion",2,10.2,Joburg Super Kings,Sunrisers Eastern Cape,WJ Lubbe,JM Bairstow,LA Dawson,1,0,,,,,,,,,
1449665,2024/25,2025-02-05,"SuperSport Park, Centurion",2,10.3,Joburg Super Kings,Sunrisers Eastern Cape,JM Bairstow,WJ Lubbe,LA Dawson,0,0,,,,,,,,,
1449665,2024/25,2025-02-05,"SuperSport Park, Centurion",2,10.4,Joburg Super Kings,Sunrisers Eastern Cape,JM Bairstow,WJ Lubbe,LA Dawson,6,0,,,,,,,,,
1449665,2024/25,2025-02-05,"SuperSport Park, Centurion",2,10.5,Joburg Super Kings,Sunrisers Eastern Cape,JM Bairstow,WJ Lubbe,LA Dawson,1,0,,,,,,,,,
1449665,2024/25,2025-02-05,"SuperSport Park, Centurion",2,10.6,Joburg Super Kings,Sunrisers Eastern Cape,WJ Lubbe,JM Bairstow,LA Dawson,1,0,,,,,,,,,
1449665,2024/25,2025-02-05,"SuperSport Park, Centurion",2,11.1,Joburg Super Kings,Sunrisers Eastern Cape,WJ Lubbe,JM Bairstow,OEG Baartman,0,0,,,,,,,,,
1449665,2024/25,2025-02-05,"SuperSport Park, Centurion",2,11.2,Joburg Super Kings,Sunrisers Eastern Cape,WJ Lubbe,JM Bairstow,OEG Baartman,1,0,,,,,,,,,
1449665,2024/25,2025-02-05,"SuperSport Park, Centurion",2,11.3,Joburg Super Kings,Sunrisers Eastern Cape,JM Bairstow,WJ Lubbe,OEG Baartman,4,0,,,,,,,,,
1449665,2024/25,2025-02-05,"SuperSport Park, Centurion",2,11.4,Joburg Super Kings,Sunrisers Eastern Cape,JM Bairstow,WJ Lubbe,OEG Baartman,2,0,,,,,,,,,
1449665,2024/25,2025-02-05,"SuperSport Park, Centurion",2,11.5,Joburg Super Kings,Sunrisers Eastern Cape,JM Bairstow,WJ Lubbe,OEG Baartman,1,0,,,,,,,,,
1449665,2024/25,2025-02-05,"SuperSport Park, Centurion",2,11.6,Joburg Super Kings,Sunrisers Eastern Cape,WJ Lubbe,JM Bairstow,OEG Baartman,1,0,,,,,,,,,
1449665,2024/25,2025-02-05,"SuperSport Park, Centurion",2,12.1,Joburg Super Kings,Sunrisers Eastern Cape,WJ Lubbe,JM Bairstow,C Overton,0,0,,,,,,,,,
1449665,2024/25,2025-02-05,"SuperSport Park, Centurion",2,12.2,Joburg Super Kings,Sunrisers Eastern Cape,WJ Lubbe,JM Bairstow,C Overton,0,0,,,,,,caught,WJ Lubbe,,
1449665,2024/25,2025-02-05,"SuperSport Park, Centurion",2,12.3,Joburg Super Kings,Sunrisers Eastern Cape,MM Ali,JM Bairstow,C Overton,0,0,,,,,,,,,
1449665,2024/25,2025-02-05,"SuperSport Park, Centurion",2,12.4,Joburg Super Kings,Sunrisers Eastern Cape,MM Ali,JM Bairstow,C Overton,0,0,,,,,,,,,
1449665,2024/25,2025-02-05,"SuperSport Park, Centurion",2,12.5,Joburg Super Kings,Sunrisers Eastern Cape,MM Ali,JM Bairstow,C Overton,0,0,,,,,,,,,
1449665,2024/25,2025-02-05,"SuperSport Park, Centurion",2,12.6,Joburg Super Kings,Sunrisers Eastern Cape,MM Ali,JM Bairstow,C Overton,0,0,,,,,,caught,MM Ali,,
1449665,2024/25,2025-02-05,"SuperSport Park, Centurion",2,13.1,Joburg Super Kings,Sunrisers Eastern Cape,JM Bairstow,E Jones,M Jansen,1,0,,,,,,,,,
1449665,2024/25,2025-02-05,"SuperSport Park, Centurion",2,13.2,Joburg Super Kings,Sunrisers Eastern Cape,E Jones,JM Bairstow,M Jansen,2,0,,,,,,,,,
1449665,2024/25,2025-02-05,"SuperSport Park, Centurion",2,13.3,Joburg Super Kings,Sunrisers Eastern Cape,E Jones,JM Bairstow,M Jansen,1,0,,,,,,,,,
1449665,2024/25,2025-02-05,"SuperSport Park, Centurion",2,13.4,Joburg Super Kings,Sunrisers Eastern Cape,JM Bairstow,E Jones,M Jansen,0,0,,,,,,,,,
1449665,2024/25,2025-02-05,"SuperSport Park, Centurion",2,13.5,Joburg Super Kings,Sunrisers Eastern Cape,JM Bairstow,E Jones,M Jansen,6,0,,,,,,,,,
1449665,2024/25,2025-02-05,"SuperSport Park, Centurion",2,13.6,Joburg Super Kings,Sunrisers Eastern Cape,JM Bairstow,E Jones,M Jansen,1,0,,,,,,,,,
1449665,2024/25,2025-02-05,"SuperSport Park, Centurion",2,14.1,Joburg Super Kings,Sunrisers Eastern Cape,JM Bairstow,E Jones,LA Dawson,4,0,,,,,,,,,
1449665,2024/25,2025-02-05,"SuperSport Park, Centurion",2,14.2,Joburg Super Kings,Sunrisers Eastern Cape,JM Bairstow,E Jones,LA Dawson,0,0,,,,,,,,,
1449665,2024/25,2025-02-05,"SuperSport Park, Centurion",2,14.3,Joburg Super Kings,Sunrisers Eastern Cape,JM Bairstow,E Jones,LA Dawson,6,0,,,,,,,,,
1449665,2024/25,2025-02-05,"SuperSport Park, Centurion",2,14.4,Joburg Super Kings,Sunrisers Eastern Cape,JM Bairstow,E Jones,LA Dawson,4,0,,,,,,,,,
1449665,2024/25,2025-02-05,"SuperSport Park, Centurion",2,14.5,Joburg Super Kings,Sunrisers Eastern Cape,JM Bairstow,E Jones,LA Dawson,0,0,,,,,,bowled,JM Bairstow,,
1449665,2024/25,2025-02-05,"SuperSport Park, Centurion",2,14.6,Joburg Super Kings,Sunrisers Eastern Cape,GC Viljoen,E Jones,LA Dawson,1,0,,,,,,,,,
1449665,2024/25,2025-02-05,"SuperSport Park, Centurion",2,15.1,Joburg Super Kings,Sunrisers Eastern Cape,GC Viljoen,E Jones,RJ Gleeson,1,0,,,,,,,,,
1449665,2024/25,2025-02-05,"SuperSport Park, Centurion",2,15.2,Joburg Super Kings,Sunrisers Eastern Cape,E Jones,GC Viljoen,RJ Gleeson,2,0,,,,,,,,,
1449665,2024/25,2025-02-05,"SuperSport Park, Centurion",2,15.3,Joburg Super Kings,Sunrisers Eastern Cape,E Jones,GC Viljoen,RJ Gleeson,1,0,,,,,,,,,
1449665,2024/25,2025-02-05,"SuperSport Park, Centurion",2,15.4,Joburg Super Kings,Sunrisers Eastern Cape,GC Viljoen,E Jones,RJ Gleeson,0,0,,,,,,,,,
1449665,2024/25,2025-02-05,"SuperSport Park, Centurion",2,15.5,Joburg Super Kings,Sunrisers Eastern Cape,GC Viljoen,E Jones,RJ Gleeson,2,0,,,,,,,,,
1449665,2024/25,2025-02-05,"SuperSport Park, Centurion",2,15.6,Joburg Super Kings,Sunrisers Eastern Cape,GC Viljoen,E Jones,RJ Gleeson,2,0,,,,,,,,,
1449665,2024/25,2025-02-05,"SuperSport Park, Centurion",2,16.1,Joburg Super Kings,Sunrisers Eastern Cape,E Jones,GC Viljoen,OEG Baartman,0,0,,,,,,,,,
1449665,2024/25,2025-02-05,"SuperSport Park, Centurion",2,16.2,Joburg Super Kings,Sunrisers Eastern Cape,E Jones,GC Viljoen,OEG Baartman,1,0,,,,,,,,,
1449665,2024/25,2025-02-05,"SuperSport Park, Centurion",2,16.3,Joburg Super Kings,Sunrisers Eastern Cape,GC Viljoen,E Jones,OEG Baartman,0,0,,,,,,,,,
1449665,2024/25,2025-02-05,"SuperSport Park, Centurion",2,16.4,Joburg Super Kings,Sunrisers Eastern Cape,GC Viljoen,E Jones,OEG Baartman,0,0,,,,,,,,,
1449665,2024/25,2025-02-05,"SuperSport Park, Centurion",2,16.5,Joburg Super Kings,Sunrisers Eastern Cape,GC Viljoen,E Jones,OEG Baartman,0,0,,,,,,,,,
1449665,2024/25,2025-02-05,"SuperSport Park, Centurion",2,16.6,Joburg Super Kings,Sunrisers Eastern Cape,GC Viljoen,E Jones,OEG Baartman,4,0,,,,,,,,,
1449665,2024/25,2025-02-05,"SuperSport Park, Centurion",2,17.1,Joburg Super Kings,Sunrisers Eastern Cape,E Jones,GC Viljoen,M Jansen,0,0,,,,,,,,,
1449665,2024/25,2025-02-05,"SuperSport Park, Centurion",2,17.2,Joburg Super Kings,Sunrisers Eastern Cape,E Jones,GC Viljoen,M Jansen,1,0,,,,,,,,,
1449665,2024/25,2025-02-05,"SuperSport Park, Centurion",2,17.3,Joburg Super Kings,Sunrisers Eastern Cape,GC Viljoen,E Jones,M Jansen,1,0,,,,,,,,,
1449665,2024/25,2025-02-05,"SuperSport Park, Centurion",2,17.4,Joburg Super Kings,Sunrisers Eastern Cape,E Jones,GC Viljoen,M Jansen,0,0,,,,,,,,,
1449665,2024/25,2025-02-05,"SuperSport Park, Centurion",2,17.5,Joburg Super Kings,Sunrisers Eastern Cape,E Jones,GC Viljoen,M Jansen,1,0,,,,,,,,,
1449665,2024/25,2025-02-05,"SuperSport Park, Centurion",2,17.6,Joburg Super Kings,Sunrisers Eastern Cape,GC Viljoen,E Jones,M Jansen,0,1,1,,,,,,,,
1449665,2024/25,2025-02-05,"SuperSport Park, Centurion",2,17.7,Joburg Super Kings,Sunrisers Eastern Cape,GC Viljoen,E Jones,M Jansen,1,0,,,,,,,,,
1449665,2024/25,2025-02-05,"SuperSport Park, Centurion",2,18.1,Joburg Super Kings,Sunrisers Eastern Cape,GC Viljoen,E Jones,OEG Baartman,1,0,,,,,,,,,
1449665,2024/25,2025-02-05,"SuperSport Park, Centurion",2,18.2,Joburg Super Kings,Sunrisers Eastern Cape,E Jones,GC Viljoen,OEG Baartman,1,0,,,,,,,,,
1449665,2024/25,2025-02-05,"SuperSport Park, Centurion",2,18.3,Joburg Super Kings,Sunrisers Eastern Cape,GC Viljoen,E Jones,OEG Baartman,1,0,,,,,,,,,
1449665,2024/25,2025-02-05,"SuperSport Park, Centurion",2,18.4,Joburg Super Kings,Sunrisers Eastern Cape,E Jones,GC Viljoen,OEG Baartman,1,0,,,,,,,,,
1449665,2024/25,2025-02-05,"SuperSport Park, Centurion",2,18.5,Joburg Super Kings,Sunrisers Eastern Cape,GC Viljoen,E Jones,OEG Baartman,0,0,,,,,,,,,
1449665,2024/25,2025-02-05,"SuperSport Park, Centurion",2,18.6,Joburg Super Kings,Sunrisers Eastern Cape,GC Viljoen,E Jones,OEG Baartman,0,1,1,,,,,,,,
1449665,2024/25,2025-02-05,"SuperSport Park, Centurion",2,18.7,Joburg Super Kings,Sunrisers Eastern Cape,GC Viljoen,E Jones,OEG Baartman,0,0,,,,,,caught,GC Viljoen,,
1449665,2024/25,2025-02-05,"SuperSport Park, Centurion",2,19.1,Joburg Super Kings,Sunrisers Eastern Cape,E Jones,M Theekshana,RJ Gleeson,6,0,,,,,,,,,
1449665,2024/25,2025-02-05,"SuperSport Park, Centurion",2,19.2,Joburg Super Kings,Sunrisers Eastern Cape,E Jones,M Theekshana,RJ Gleeson,0,0,,,,,,,,,
1449665,2024/25,2025-02-05,"SuperSport Park, Centurion",2,19.3,Joburg Super Kings,Sunrisers Eastern Cape,E Jones,M Theekshana,RJ Gleeson,2,0,,,,,,,,,
1449665,2024/25,2025-02-05,"SuperSport Park, Centurion",2,19.4,Joburg Super Kings,Sunrisers Eastern Cape,E Jones,M Theekshana,RJ Gleeson,1,0,,,,,,,,,
1449665,2024/25,2025-02-05,"SuperSport Park, Centurion",2,19.5,Joburg Super Kings,Sunrisers Eastern Cape,M Theekshana,E Jones,RJ Gleeson,1,0,,,,,,,,,
1449665,2024/25,2025-02-05,"SuperSport Park, Centurion",2,19.6,Joburg Super Kings,Sunrisers Eastern Cape,E Jones,M Theekshana,RJ Gleeson,2,0,,,,,,,,,
