match_id,season,start_date,venue,innings,ball,batting_team,bowling_team,striker,non_striker,bowler,runs_off_bat,extras,wides,noballs,byes,legbyes,penalty,wicket_type,player_dismissed,other_wicket_type,other_player_dismissed
1449647,2024/25,2025-01-19,"St George's Park, Gqeberha",1,0.1,Durban's Super Giants,Sunrisers Eastern Cape,BA King,MP Breetzke,M Jansen,0,0,,,,,,,,,
1449647,2024/25,2025-01-19,"St George's Park, Gqeberha",1,0.2,Durban's Super Giants,Sunrisers Eastern Cape,BA King,MP Breetzke,M Jansen,0,0,,,,,,caught,BA King,,
1449647,2024/25,2025-01-19,"St George's Park, Gqeberha",1,0.3,Durban's Super Giants,Sunrisers Eastern Cape,KS Williamson,MP Breetzke,M Jansen,0,0,,,,,,,,,
1449647,2024/25,2025-01-19,"St George's Park, Gqeberha",1,0.4,Durban's Super Giants,Sunrisers Eastern Cape,KS Williamson,MP Breetzke,M Jansen,1,0,,,,,,,,,
1449647,2024/25,2025-01-19,"St George's Park, Gqeberha",1,0.5,Durban's Super Giants,Sunrisers Eastern Cape,MP Breetzke,KS Williamson,M Jansen,0,0,,,,,,,,,
1449647,2024/25,2025-01-19,"St George's Park, Gqeberha",1,0.6,Durban's Super Giants,Sunrisers Eastern Cape,MP Breetzke,KS Williamson,M Jansen,1,0,,,,,,,,,
1449647,2024/25,2025-01-19,"St George's Park, Gqeberha",1,1.1,Durban's Super Giants,Sunrisers Eastern Cape,MP Breetzke,KS Williamson,RJ Gleeson,1,0,,,,,,,,,
1449647,2024/25,2025-01-19,"St George's Park, Gqeberha",1,1.2,Durban's Super Giants,Sunrisers Eastern Cape,KS Williamson,MP Breetzke,RJ Gleeson,0,0,,,,,,,,,
1449647,2024/25,2025-01-19,"St George's Park, Gqeberha",1,1.3,Durban's Super Giants,Sunrisers Eastern Cape,KS Williamson,MP Breetzke,RJ Gleeson,0,0,,,,,,,,,
1449647,2024/25,2025-01-19,"St George's Park, Gqeberha",1,1.4,Durban's Super Giants,Sunrisers Eastern Cape,KS Williamson,MP Breetzke,RJ Gleeson,0,0,,,,,,,,,
1449647,2024/25,2025-01-19,"St George's Park, Gqeberha",1,1.5,Durban's Super Giants,Sunrisers Eastern Cape,KS Williamson,MP Breetzke,RJ Gleeson,0,0,,,,,,,,,
1449647,2024/25,2025-01-19,"St George's Park, Gqeberha",1,1.6,Durban's Super Giants,Sunrisers Eastern Cape,KS Williamson,MP Breetzke,RJ Gleeson,0,0,,,,,,,,,
1449647,2024/25,2025-01-19,"St George's Park, Gqeberha",1,2.1,Durban's Super Giants,Sunrisers Eastern Cape,MP Breetzke,KS Williamson,M Jansen,0,0,,,,,,,,,
1449647,2024/25,2025-01-19,"St George's Park, Gqeberha",1,2.2,Durban's Super Giants,Sunrisers Eastern Cape,MP Breetzke,KS Williamson,M Jansen,0,0,,,,,,,,,
1449647,2024/25,2025-01-19,"St George's Park, Gqeberha",1,2.3,Durban's Super Giants,Sunrisers Eastern Cape,MP Breetzke,KS Williamson,M Jansen,0,0,,,,,,bowled,MP Breetzke,,
1449647,2024/25,2025-01-19,"St George's Park, Gqeberha",1,2.4,Durban's Super Giants,Sunrisers Eastern Cape,Q de Kock,KS Williamson,M Jansen,0,0,,,,,,,,,
1449647,2024/25,2025-01-19,"St George's Park, Gqeberha",1,2.5,Durban's Super Giants,Sunrisers Eastern Cape,Q de Kock,KS Williamson,M Jansen,0,1,1,,,,,,,,
1449647,2024/25,2025-01-19,"St George's Park, Gqeberha",1,2.6,Durban's Super Giants,Sunrisers Eastern Cape,Q de Kock,KS Williamson,M Jansen,0,0,,,,,,,,,
1449647,2024/25,2025-01-19,"St George's Park, Gqeberha",1,2.7,Durban's Super Giants,Sunrisers Eastern Cape,Q de Kock,KS Williamson,M Jansen,0,0,,,,,,,,,
1449647,2024/25,2025-01-19,"St George's Park, Gqeberha",1,3.1,Durban's Super Giants,Sunrisers Eastern Cape,KS Williamson,Q de Kock,OEG Baartman,0,0,,,,,,,,,
1449647,2024/25,2025-01-19,"St George's Park, Gqeberha",1,3.2,Durban's Super Giants,Sunrisers Eastern Cape,KS Williamson,Q de Kock,OEG Baartman,0,0,,,,,,,,,
1449647,2024/25,2025-01-19,"St George's Park, Gqeberha",1,3.3,Durban's Super Giants,Sunrisers Eastern Cape,KS Williamson,Q de Kock,OEG Baartman,2,0,,,,,,,,,
1449647,2024/25,2025-01-19,"St George's Park, Gqeberha",1,3.4,Durban's Super Giants,Sunrisers Eastern Cape,KS Williamson,Q de Kock,OEG Baartman,0,0,,,,,,,,,
1449647,2024/25,2025-01-19,"St George's Park, Gqeberha",1,3.5,Durban's Super Giants,Sunrisers Eastern Cape,KS Williamson,Q de Kock,OEG Baartman,1,0,,,,,,,,,
1449647,2024/25,2025-01-19,"St George's Park, Gqeberha",1,3.6,Durban's Super Giants,Sunrisers Eastern Cape,Q de Kock,KS Williamson,OEG Baartman,4,0,,,,,,,,,
1449647,2024/25,2025-01-19,"St George's Park, Gqeberha",1,4.1,Durban's Super Giants,Sunrisers Eastern Cape,KS Williamson,Q de Kock,M Jansen,0,0,,,,,,,,,
1449647,2024/25,2025-01-19,"St George's Park, Gqeberha",1,4.2,Durban's Super Giants,Sunrisers Eastern Cape,KS Williamson,Q de Kock,M Jansen,0,0,,,,,,,,,
1449647,2024/25,2025-01-19,"St George's Park, Gqeberha",1,4.3,Durban's Super Giants,Sunrisers Eastern Cape,KS Williamson,Q de Kock,M Jansen,0,1,1,,,,,,,,
1449647,2024/25,2025-01-19,"St George's Park, Gqeberha",1,4.4,Durban's Super Giants,Sunrisers Eastern Cape,KS Williamson,Q de Kock,M Jansen,0,0,,,,,,,,,
1449647,2024/25,2025-01-19,"St George's Park, Gqeberha",1,4.5,Durban's Super Giants,Sunrisers Eastern Cape,KS Williamson,Q de Kock,M Jansen,4,0,,,,,,,,,
1449647,2024/25,2025-01-19,"St George's Park, Gqeberha",1,4.6,Durban's Super Giants,Sunrisers Eastern Cape,KS Williamson,Q de Kock,M Jansen,0,0,,,,,,,,,
1449647,2024/25,2025-01-19,"St George's Park, Gqeberha",1,4.7,Durban's Super Giants,Sunrisers Eastern Cape,KS Williamson,Q de Kock,M Jansen,0,0,,,,,,,,,
1449647,2024/25,2025-01-19,"St George's Park, Gqeberha",1,5.1,Durban's Super Giants,Sunrisers Eastern Cape,Q de Kock,KS Williamson,RJ Gleeson,0,0,,,,,,caught,Q de Kock,,
1449647,2024/25,2025-01-19,"St George's Park, Gqeberha",1,5.2,Durban's Super Giants,Sunrisers Eastern Cape,JT Smuts,KS Williamson,RJ Gleeson,2,0,,,,,,,,,
1449647,2024/25,2025-01-19,"St George's Park, Gqeberha",1,5.3,Durban's Super Giants,Sunrisers Eastern Cape,JT Smuts,KS Williamson,RJ Gleeson,0,0,,,,,,,,,
1449647,2024/25,2025-01-19,"St George's Park, Gqeberha",1,5.4,Durban's Super Giants,Sunrisers Eastern Cape,JT Smuts,KS Williamson,RJ Gleeson,0,0,,,,,,caught,JT Smuts,,
1449647,2024/25,2025-01-19,"St George's Park, Gqeberha",1,5.5,Durban's Super Giants,Sunrisers Eastern Cape,PWA Mulder,KS Williamson,RJ Gleeson,0,0,,,,,,,,,
1449647,2024/25,2025-01-19,"St George's Park, Gqeberha",1,5.6,Durban's Super Giants,Sunrisers Eastern Cape,PWA Mulder,KS Williamson,RJ Gleeson,0,0,,,,,,,,,
1449647,2024/25,2025-01-19,"St George's Park, Gqeberha",1,6.1,Durban's Super Giants,Sunrisers Eastern Cape,KS Williamson,PWA Mulder,LA Dawson,2,0,,,,,,,,,
1449647,2024/25,2025-01-19,"St George's Park, Gqeberha",1,6.2,Durban's Super Giants,Sunrisers Eastern Cape,KS Williamson,PWA Mulder,LA Dawson,1,0,,,,,,,,,
1449647,2024/25,2025-01-19,"St George's Park, Gqeberha",1,6.3,Durban's Super Giants,Sunrisers Eastern Cape,PWA Mulder,KS Williamson,LA Dawson,0,0,,,,,,,,,
1449647,2024/25,2025-01-19,"St George's Park, Gqeberha",1,6.4,Durban's Super Giants,Sunrisers Eastern Cape,PWA Mulder,KS Williamson,LA Dawson,0,0,,,,,,,,,
1449647,2024/25,2025-01-19,"St George's Park, Gqeberha",1,6.5,Durban's Super Giants,Sunrisers Eastern Cape,PWA Mulder,KS Williamson,LA Dawson,0,0,,,,,,,,,
1449647,2024/25,2025-01-19,"St George's Park, Gqeberha",1,6.6,Durban's Super Giants,Sunrisers Eastern Cape,PWA Mulder,KS Williamson,LA Dawson,2,0,,,,,,,,,
1449647,2024/25,2025-01-19,"St George's Park, Gqeberha",1,7.1,Durban's Super Giants,Sunrisers Eastern Cape,KS Williamson,PWA Mulder,SR Harmer,1,0,,,,,,,,,
1449647,2024/25,2025-01-19,"St George's Park, Gqeberha",1,7.2,Durban's Super Giants,Sunrisers Eastern Cape,PWA Mulder,KS Williamson,SR Harmer,0,0,,,,,,,,,
1449647,2024/25,2025-01-19,"St George's Park, Gqeberha",1,7.3,Durban's Super Giants,Sunrisers Eastern Cape,PWA Mulder,KS Williamson,SR Harmer,1,0,,,,,,,,,
1449647,2024/25,2025-01-19,"St George's Park, Gqeberha",1,7.4,Durban's Super Giants,Sunrisers Eastern Cape,KS Williamson,PWA Mulder,SR Harmer,3,0,,,,,,,,,
1449647,2024/25,2025-01-19,"St George's Park, Gqeberha",1,7.5,Durban's Super Giants,Sunrisers Eastern Cape,PWA Mulder,KS Williamson,SR Harmer,1,0,,,,,,,,,
1449647,2024/25,2025-01-19,"St George's Park, Gqeberha",1,7.6,Durban's Super Giants,Sunrisers Eastern Cape,KS Williamson,PWA Mulder,SR Harmer,0,0,,,,,,,,,
1449647,2024/25,2025-01-19,"St George's Park, Gqeberha",1,8.1,Durban's Super Giants,Sunrisers Eastern Cape,PWA Mulder,KS Williamson,LA Dawson,0,0,,,,,,,,,
1449647,2024/25,2025-01-19,"St George's Park, Gqeberha",1,8.2,Durban's Super Giants,Sunrisers Eastern Cape,PWA Mulder,KS Williamson,LA Dawson,1,0,,,,,,,,,
1449647,2024/25,2025-01-19,"St George's Park, Gqeberha",1,8.3,Durban's Super Giants,Sunrisers Eastern Cape,KS Williamson,PWA Mulder,LA Dawson,0,0,,,,,,,,,
1449647,2024/25,2025-01-19,"St George's Park, Gqeberha",1,8.4,Durban's Super Giants,Sunrisers Eastern Cape,KS Williamson,PWA Mulder,LA Dawson,1,0,,,,,,,,,
1449647,2024/25,2025-01-19,"St George's Park, Gqeberha",1,8.5,Durban's Super Giants,Sunrisers Eastern Cape,PWA Mulder,KS Williamson,LA Dawson,0,0,,,,,,,,,
1449647,2024/25,2025-01-19,"St George's Park, Gqeberha",1,8.6,Durban's Super Giants,Sunrisers Eastern Cape,PWA Mulder,KS Williamson,LA Dawson,0,0,,,,,,,,,
1449647,2024/25,2025-01-19,"St George's Park, Gqeberha",1,9.1,Durban's Super Giants,Sunrisers Eastern Cape,KS Williamson,PWA Mulder,SR Harmer,2,0,,,,,,,,,
1449647,2024/25,2025-01-19,"St George's Park, Gqeberha",1,9.2,Durban's Super Giants,Sunrisers Eastern Cape,KS Williamson,PWA Mulder,SR Harmer,1,0,,,,,,,,,
1449647,2024/25,2025-01-19,"St George's Park, Gqeberha",1,9.3,Durban's Super Giants,Sunrisers Eastern Cape,PWA Mulder,KS Williamson,SR Harmer,1,0,,,,,,,,,
1449647,2024/25,2025-01-19,"St George's Park, Gqeberha",1,9.4,Durban's Super Giants,Sunrisers Eastern Cape,KS Williamson,PWA Mulder,SR Harmer,1,0,,,,,,,,,
1449647,2024/25,2025-01-19,"St George's Park, Gqeberha",1,9.5,Durban's Super Giants,Sunrisers Eastern Cape,PWA Mulder,KS Williamson,SR Harmer,0,0,,,,,,,,,
1449647,2024/25,2025-01-19,"St George's Park, Gqeberha",1,9.6,Durban's Super Giants,Sunrisers Eastern Cape,PWA Mulder,KS Williamson,SR Harmer,1,0,,,,,,,,,
1449647,2024/25,2025-01-19,"St George's Park, Gqeberha",1,10.1,Durban's Super Giants,Sunrisers Eastern Cape,PWA Mulder,KS Williamson,LA Dawson,0,0,,,,,,,,,
1449647,2024/25,2025-01-19,"St George's Park, Gqeberha",1,10.2,Durban's Super Giants,Sunrisers Eastern Cape,PWA Mulder,KS Williamson,LA Dawson,0,0,,,,,,caught,PWA Mulder,,
1449647,2024/25,2025-01-19,"St George's Park, Gqeberha",1,10.3,Durban's Super Giants,Sunrisers Eastern Cape,H Klaasen,KS Williamson,LA Dawson,0,0,,,,,,,,,
1449647,2024/25,2025-01-19,"St George's Park, Gqeberha",1,10.4,Durban's Super Giants,Sunrisers Eastern Cape,H Klaasen,KS Williamson,LA Dawson,1,0,,,,,,,,,
1449647,2024/25,2025-01-19,"St George's Park, Gqeberha",1,10.5,Durban's Super Giants,Sunrisers Eastern Cape,KS Williamson,H Klaasen,LA Dawson,1,0,,,,,,,,,
1449647,2024/25,2025-01-19,"St George's Park, Gqeberha",1,10.6,Durban's Super Giants,Sunrisers Eastern Cape,H Klaasen,KS Williamson,LA Dawson,1,0,,,,,,,,,
1449647,2024/25,2025-01-19,"St George's Park, Gqeberha",1,11.1,Durban's Super Giants,Sunrisers Eastern Cape,H Klaasen,KS Williamson,SR Harmer,1,0,,,,,,,,,
1449647,2024/25,2025-01-19,"St George's Park, Gqeberha",1,11.2,Durban's Super Giants,Sunrisers Eastern Cape,KS Williamson,H Klaasen,SR Harmer,1,0,,,,,,,,,
1449647,2024/25,2025-01-19,"St George's Park, Gqeberha",1,11.3,Durban's Super Giants,Sunrisers Eastern Cape,H Klaasen,KS Williamson,SR Harmer,4,0,,,,,,,,,
1449647,2024/25,2025-01-19,"St George's Park, Gqeberha",1,11.4,Durban's Super Giants,Sunrisers Eastern Cape,H Klaasen,KS Williamson,SR Harmer,1,0,,,,,,,,,
1449647,2024/25,2025-01-19,"St George's Park, Gqeberha",1,11.5,Durban's Super Giants,Sunrisers Eastern Cape,KS Williamson,H Klaasen,SR Harmer,2,0,,,,,,,,,
1449647,2024/25,2025-01-19,"St George's Park, Gqeberha",1,11.6,Durban's Super Giants,Sunrisers Eastern Cape,KS Williamson,H Klaasen,SR Harmer,1,0,,,,,,,,,
1449647,2024/25,2025-01-19,"St George's Park, Gqeberha",1,12.1,Durban's Super Giants,Sunrisers Eastern Cape,KS Williamson,H Klaasen,LA Dawson,1,0,,,,,,,,,
1449647,2024/25,2025-01-19,"St George's Park, Gqeberha",1,12.2,Durban's Super Giants,Sunrisers Eastern Cape,H Klaasen,KS Williamson,LA Dawson,0,0,,,,,,,,,
1449647,2024/25,2025-01-19,"St George's Park, Gqeberha",1,12.3,Durban's Super Giants,Sunrisers Eastern Cape,H Klaasen,KS Williamson,LA Dawson,0,0,,,,,,,,,
1449647,2024/25,2025-01-19,"St George's Park, Gqeberha",1,12.4,Durban's Super Giants,Sunrisers Eastern Cape,H Klaasen,KS Williamson,LA Dawson,0,0,,,,,,,,,
1449647,2024/25,2025-01-19,"St George's Park, Gqeberha",1,12.5,Durban's Super Giants,Sunrisers Eastern Cape,H Klaasen,KS Williamson,LA Dawson,0,0,,,,,,caught,H Klaasen,,
1449647,2024/25,2025-01-19,"St George's Park, Gqeberha",1,12.6,Durban's Super Giants,Sunrisers Eastern Cape,KA Maharaj,KS Williamson,LA Dawson,0,0,,,,,,,,,
1449647,2024/25,2025-01-19,"St George's Park, Gqeberha",1,13.1,Durban's Super Giants,Sunrisers Eastern Cape,KS Williamson,KA Maharaj,SR Harmer,1,0,,,,,,,,,
1449647,2024/25,2025-01-19,"St George's Park, Gqeberha",1,13.2,Durban's Super Giants,Sunrisers Eastern Cape,KA Maharaj,KS Williamson,SR Harmer,0,0,,,,,,,,,
1449647,2024/25,2025-01-19,"St George's Park, Gqeberha",1,13.3,Durban's Super Giants,Sunrisers Eastern Cape,KA Maharaj,KS Williamson,SR Harmer,0,0,,,,,,,,,
1449647,2024/25,2025-01-19,"St George's Park, Gqeberha",1,13.4,Durban's Super Giants,Sunrisers Eastern Cape,KA Maharaj,KS Williamson,SR Harmer,6,0,,,,,,,,,
1449647,2024/25,2025-01-19,"St George's Park, Gqeberha",1,13.5,Durban's Super Giants,Sunrisers Eastern Cape,KA Maharaj,KS Williamson,SR Harmer,1,0,,,,,,,,,
1449647,2024/25,2025-01-19,"St George's Park, Gqeberha",1,13.6,Durban's Super Giants,Sunrisers Eastern Cape,KS Williamson,KA Maharaj,SR Harmer,2,0,,,,,,,,,
1449647,2024/25,2025-01-19,"St George's Park, Gqeberha",1,14.1,Durban's Super Giants,Sunrisers Eastern Cape,KA Maharaj,KS Williamson,OEG Baartman,0,0,,,,,,,,,
1449647,2024/25,2025-01-19,"St George's Park, Gqeberha",1,14.2,Durban's Super Giants,Sunrisers Eastern Cape,KA Maharaj,KS Williamson,OEG Baartman,0,0,,,,,,caught and bowled,KA Maharaj,,
1449647,2024/25,2025-01-19,"St George's Park, Gqeberha",1,14.3,Durban's Super Giants,Sunrisers Eastern Cape,CJ Dala,KS Williamson,OEG Baartman,0,0,,,,,,,,,
1449647,2024/25,2025-01-19,"St George's Park, Gqeberha",1,14.4,Durban's Super Giants,Sunrisers Eastern Cape,CJ Dala,KS Williamson,OEG Baartman,1,0,,,,,,,,,
1449647,2024/25,2025-01-19,"St George's Park, Gqeberha",1,14.5,Durban's Super Giants,Sunrisers Eastern Cape,KS Williamson,CJ Dala,OEG Baartman,0,0,,,,,,,,,
1449647,2024/25,2025-01-19,"St George's Park, Gqeberha",1,14.6,Durban's Super Giants,Sunrisers Eastern Cape,KS Williamson,CJ Dala,OEG Baartman,1,0,,,,,,,,,
1449647,2024/25,2025-01-19,"St George's Park, Gqeberha",1,15.1,Durban's Super Giants,Sunrisers Eastern Cape,KS Williamson,CJ Dala,RJ Gleeson,1,0,,,,,,,,,
1449647,2024/25,2025-01-19,"St George's Park, Gqeberha",1,15.2,Durban's Super Giants,Sunrisers Eastern Cape,CJ Dala,KS Williamson,RJ Gleeson,0,0,,,,,,,,,
1449647,2024/25,2025-01-19,"St George's Park, Gqeberha",1,15.3,Durban's Super Giants,Sunrisers Eastern Cape,CJ Dala,KS Williamson,RJ Gleeson,0,0,,,,,,,,,
1449647,2024/25,2025-01-19,"St George's Park, Gqeberha",1,15.4,Durban's Super Giants,Sunrisers Eastern Cape,CJ Dala,KS Williamson,RJ Gleeson,0,1,1,,,,,,,,
1449647,2024/25,2025-01-19,"St George's Park, Gqeberha",1,15.5,Durban's Super Giants,Sunrisers Eastern Cape,CJ Dala,KS Williamson,RJ Gleeson,0,0,,,,,,,,,
1449647,2024/25,2025-01-19,"St George's Park, Gqeberha",1,15.6,Durban's Super Giants,Sunrisers Eastern Cape,CJ Dala,KS Williamson,RJ Gleeson,1,0,,,,,,,,,
1449647,2024/25,2025-01-19,"St George's Park, Gqeberha",1,15.7,Durban's Super Giants,Sunrisers Eastern Cape,KS Williamson,CJ Dala,RJ Gleeson,1,0,,,,,,,,,
1449647,2024/25,2025-01-19,"St George's Park, Gqeberha",1,16.1,Durban's Super Giants,Sunrisers Eastern Cape,KS Williamson,CJ Dala,M Jansen,4,0,,,,,,,,,
1449647,2024/25,2025-01-19,"St George's Park, Gqeberha",1,16.2,Durban's Super Giants,Sunrisers Eastern Cape,KS Williamson,CJ Dala,M Jansen,0,1,1,,,,,,,,
1449647,2024/25,2025-01-19,"St George's Park, Gqeberha",1,16.3,Durban's Super Giants,Sunrisers Eastern Cape,KS Williamson,CJ Dala,M Jansen,4,0,,,,,,,,,
1449647,2024/25,2025-01-19,"St George's Park, Gqeberha",1,16.4,Durban's Super Giants,Sunrisers Eastern Cape,KS Williamson,CJ Dala,M Jansen,1,0,,,,,,,,,
1449647,2024/25,2025-01-19,"St George's Park, Gqeberha",1,16.5,Durban's Super Giants,Sunrisers Eastern Cape,CJ Dala,KS Williamson,M Jansen,1,0,,,,,,,,,
1449647,2024/25,2025-01-19,"St George's Park, Gqeberha",1,16.6,Durban's Super Giants,Sunrisers Eastern Cape,KS Williamson,CJ Dala,M Jansen,0,1,1,,,,,,,,
1449647,2024/25,2025-01-19,"St George's Park, Gqeberha",1,16.7,Durban's Super Giants,Sunrisers Eastern Cape,KS Williamson,CJ Dala,M Jansen,2,0,,,,,,,,,
1449647,2024/25,2025-01-19,"St George's Park, Gqeberha",1,16.8,Durban's Super Giants,Sunrisers Eastern Cape,KS Williamson,CJ Dala,M Jansen,1,0,,,,,,,,,
1449647,2024/25,2025-01-19,"St George's Park, Gqeberha",1,17.1,Durban's Super Giants,Sunrisers Eastern Cape,KS Williamson,CJ Dala,OEG Baartman,0,0,,,,,,caught,KS Williamson,,
1449647,2024/25,2025-01-19,"St George's Park, Gqeberha",1,17.2,Durban's Super Giants,Sunrisers Eastern Cape,Naveen-ul-Haq,CJ Dala,OEG Baartman,0,0,,,,,,,,,
1449647,2024/25,2025-01-19,"St George's Park, Gqeberha",1,17.3,Durban's Super Giants,Sunrisers Eastern Cape,Naveen-ul-Haq,CJ Dala,OEG Baartman,0,0,,,,,,,,,
1449647,2024/25,2025-01-19,"St George's Park, Gqeberha",1,17.4,Durban's Super Giants,Sunrisers Eastern Cape,Naveen-ul-Haq,CJ Dala,OEG Baartman,1,0,,,,,,,,,
1449647,2024/25,2025-01-19,"St George's Park, Gqeberha",1,17.5,Durban's Super Giants,Sunrisers Eastern Cape,CJ Dala,Naveen-ul-Haq,OEG Baartman,1,0,,,,,,,,,
1449647,2024/25,2025-01-19,"St George's Park, Gqeberha",1,17.6,Durban's Super Giants,Sunrisers Eastern Cape,Naveen-ul-Haq,CJ Dala,OEG Baartman,1,0,,,,,,,,,
1449647,2024/25,2025-01-19,"St George's Park, Gqeberha",1,18.1,Durban's Super Giants,Sunrisers Eastern Cape,Naveen-ul-Haq,CJ Dala,RJ Gleeson,0,0,,,,,,,,,
1449647,2024/25,2025-01-19,"St George's Park, Gqeberha",1,18.2,Durban's Super Giants,Sunrisers Eastern Cape,Naveen-ul-Haq,CJ Dala,RJ Gleeson,0,0,,,,,,,,,
1449647,2024/25,2025-01-19,"St George's Park, Gqeberha",1,18.3,Durban's Super Giants,Sunrisers Eastern Cape,Naveen-ul-Haq,CJ Dala,RJ Gleeson,4,0,,,,,,,,,
1449647,2024/25,2025-01-19,"St George's Park, Gqeberha",1,18.4,Durban's Super Giants,Sunrisers Eastern Cape,Naveen-ul-Haq,CJ Dala,RJ Gleeson,2,0,,,,,,,,,
1449647,2024/25,2025-01-19,"St George's Park, Gqeberha",1,18.5,Durban's Super Giants,Sunrisers Eastern Cape,Naveen-ul-Haq,CJ Dala,RJ Gleeson,4,0,,,,,,,,,
1449647,2024/25,2025-01-19,"St George's Park, Gqeberha",1,18.6,Durban's Super Giants,Sunrisers Eastern Cape,Naveen-ul-Haq,CJ Dala,RJ Gleeson,2,0,,,,,,,,,
1449647,2024/25,2025-01-19,"St George's Park, Gqeberha",1,19.1,Durban's Super Giants,Sunrisers Eastern Cape,CJ Dala,Naveen-ul-Haq,OEG Baartman,1,0,,,,,,,,,
1449647,2024/25,2025-01-19,"St George's Park, Gqeberha",1,19.2,Durban's Super Giants,Sunrisers Eastern Cape,Naveen-ul-Haq,CJ Dala,OEG Baartman,6,0,,,,,,,,,
1449647,2024/25,2025-01-19,"St George's Park, Gqeberha",1,19.3,Durban's Super Giants,Sunrisers Eastern Cape,Naveen-ul-Haq,CJ Dala,OEG Baartman,0,0,,,,,,,,,
1449647,2024/25,2025-01-19,"St George's Park, Gqeberha",1,19.4,Durban's Super Giants,Sunrisers Eastern Cape,Naveen-ul-Haq,CJ Dala,OEG Baartman,4,0,,,,,,,,,
1449647,2024/25,2025-01-19,"St George's Park, Gqeberha",1,19.5,Durban's Super Giants,Sunrisers Eastern Cape,Naveen-ul-Haq,CJ Dala,OEG Baartman,4,0,,,,,,,,,
1449647,2024/25,2025-01-19,"St George's Park, Gqeberha",1,19.6,Durban's Super Giants,Sunrisers Eastern Cape,Naveen-ul-Haq,CJ Dala,OEG Baartman,0,1,1,,,,,,,,
1449647,2024/25,2025-01-19,"St George's Park, Gqeberha",1,19.7,Durban's Super Giants,Sunrisers Eastern Cape,Naveen-ul-Haq,CJ Dala,OEG Baartman,2,0,,,,,,,,,
1449647,2024/25,2025-01-19,"St George's Park, Gqeberha",2,0.1,Sunrisers Eastern Cape,Durban's Super Giants,DG Bedingham,Z Crawley,Naveen-ul-Haq,1,0,,,,,,,,,
1449647,2024/25,2025-01-19,"St George's Park, Gqeberha",2,0.2,Sunrisers Eastern Cape,Durban's Super Giants,Z Crawley,DG Bedingham,Naveen-ul-Haq,4,0,,,,,,,,,
1449647,2024/25,2025-01-19,"St George's Park, Gqeberha",2,0.3,Sunrisers Eastern Cape,Durban's Super Giants,Z Crawley,DG Bedingham,Naveen-ul-Haq,0,0,,,,,,,,,
1449647,2024/25,2025-01-19,"St George's Park, Gqeberha",2,0.4,Sunrisers Eastern Cape,Durban's Super Giants,Z Crawley,DG Bedingham,Naveen-ul-Haq,0,0,,,,,,,,,
1449647,2024/25,2025-01-19,"St George's Park, Gqeberha",2,0.5,Sunrisers Eastern Cape,Durban's Super Giants,Z Crawley,DG Bedingham,Naveen-ul-Haq,0,0,,,,,,,,,
1449647,2024/25,2025-01-19,"St George's Park, Gqeberha",2,0.6,Sunrisers Eastern Cape,Durban's Super Giants,Z Crawley,DG Bedingham,Naveen-ul-Haq,0,0,,,,,,caught,Z Crawley,,
1449647,2024/25,2025-01-19,"St George's Park, Gqeberha",2,1.1,Sunrisers Eastern Cape,Durban's Super Giants,DG Bedingham,TB Abell,PWA Mulder,0,0,,,,,,,,,
1449647,2024/25,2025-01-19,"St George's Park, Gqeberha",2,1.2,Sunrisers Eastern Cape,Durban's Super Giants,DG Bedingham,TB Abell,PWA Mulder,4,0,,,,,,,,,
1449647,2024/25,2025-01-19,"St George's Park, Gqeberha",2,1.3,Sunrisers Eastern Cape,Durban's Super Giants,DG Bedingham,TB Abell,PWA Mulder,4,0,,,,,,,,,
1449647,2024/25,2025-01-19,"St George's Park, Gqeberha",2,1.4,Sunrisers Eastern Cape,Durban's Super Giants,DG Bedingham,TB Abell,PWA Mulder,4,0,,,,,,,,,
1449647,2024/25,2025-01-19,"St George's Park, Gqeberha",2,1.5,Sunrisers Eastern Cape,Durban's Super Giants,DG Bedingham,TB Abell,PWA Mulder,0,0,,,,,,,,,
1449647,2024/25,2025-01-19,"St George's Park, Gqeberha",2,1.6,Sunrisers Eastern Cape,Durban's Super Giants,DG Bedingham,TB Abell,PWA Mulder,0,0,,,,,,,,,
1449647,2024/25,2025-01-19,"St George's Park, Gqeberha",2,2.1,Sunrisers Eastern Cape,Durban's Super Giants,TB Abell,DG Bedingham,Naveen-ul-Haq,0,0,,,,,,,,,
1449647,2024/25,2025-01-19,"St George's Park, Gqeberha",2,2.2,Sunrisers Eastern Cape,Durban's Super Giants,TB Abell,DG Bedingham,Naveen-ul-Haq,0,1,1,,,,,,,,
1449647,2024/25,2025-01-19,"St George's Park, Gqeberha",2,2.3,Sunrisers Eastern Cape,Durban's Super Giants,TB Abell,DG Bedingham,Naveen-ul-Haq,1,0,,,,,,,,,
1449647,2024/25,2025-01-19,"St George's Park, Gqeberha",2,2.4,Sunrisers Eastern Cape,Durban's Super Giants,DG Bedingham,TB Abell,Naveen-ul-Haq,1,0,,,,,,,,,
1449647,2024/25,2025-01-19,"St George's Park, Gqeberha",2,2.5,Sunrisers Eastern Cape,Durban's Super Giants,TB Abell,DG Bedingham,Naveen-ul-Haq,0,0,,,,,,,,,
1449647,2024/25,2025-01-19,"St George's Park, Gqeberha",2,2.6,Sunrisers Eastern Cape,Durban's Super Giants,TB Abell,DG Bedingham,Naveen-ul-Haq,0,0,,,,,,,,,
1449647,2024/25,2025-01-19,"St George's Park, Gqeberha",2,2.7,Sunrisers Eastern Cape,Durban's Super Giants,TB Abell,DG Bedingham,Naveen-ul-Haq,1,0,,,,,,,,,
1449647,2024/25,2025-01-19,"St George's Park, Gqeberha",2,3.1,Sunrisers Eastern Cape,Durban's Super Giants,TB Abell,DG Bedingham,CJ Dala,2,0,,,,,,,,,
1449647,2024/25,2025-01-19,"St George's Park, Gqeberha",2,3.2,Sunrisers Eastern Cape,Durban's Super Giants,TB Abell,DG Bedingham,CJ Dala,0,0,,,,,,,,,
1449647,2024/25,2025-01-19,"St George's Park, Gqeberha",2,3.3,Sunrisers Eastern Cape,Durban's Super Giants,TB Abell,DG Bedingham,CJ Dala,0,0,,,,,,,,,
1449647,2024/25,2025-01-19,"St George's Park, Gqeberha",2,3.4,Sunrisers Eastern Cape,Durban's Super Giants,TB Abell,DG Bedingham,CJ Dala,0,0,,,,,,,,,
1449647,2024/25,2025-01-19,"St George's Park, Gqeberha",2,3.5,Sunrisers Eastern Cape,Durban's Super Giants,TB Abell,DG Bedingham,CJ Dala,0,1,1,,,,,,,,
1449647,2024/25,2025-01-19,"St George's Park, Gqeberha",2,3.6,Sunrisers Eastern Cape,Durban's Super Giants,TB Abell,DG Bedingham,CJ Dala,0,0,,,,,,,,,
1449647,2024/25,2025-01-19,"St George's Park, Gqeberha",2,3.7,Sunrisers Eastern Cape,Durban's Super Giants,TB Abell,DG Bedingham,CJ Dala,0,0,,,,,,,,,
1449647,2024/25,2025-01-19,"St George's Park, Gqeberha",2,4.1,Sunrisers Eastern Cape,Durban's Super Giants,DG Bedingham,TB Abell,Naveen-ul-Haq,2,0,,,,,,,,,
1449647,2024/25,2025-01-19,"St George's Park, Gqeberha",2,4.2,Sunrisers Eastern Cape,Durban's Super Giants,DG Bedingham,TB Abell,Naveen-ul-Haq,1,0,,,,,,,,,
1449647,2024/25,2025-01-19,"St George's Park, Gqeberha",2,4.3,Sunrisers Eastern Cape,Durban's Super Giants,TB Abell,DG Bedingham,Naveen-ul-Haq,1,0,,,,,,,,,
1449647,2024/25,2025-01-19,"St George's Park, Gqeberha",2,4.4,Sunrisers Eastern Cape,Durban's Super Giants,DG Bedingham,TB Abell,Naveen-ul-Haq,6,0,,,,,,,,,
1449647,2024/25,2025-01-19,"St George's Park, Gqeberha",2,4.5,Sunrisers Eastern Cape,Durban's Super Giants,DG Bedingham,TB Abell,Naveen-ul-Haq,4,0,,,,,,,,,
1449647,2024/25,2025-01-19,"St George's Park, Gqeberha",2,4.6,Sunrisers Eastern Cape,Durban's Super Giants,DG Bedingham,TB Abell,Naveen-ul-Haq,5,0,,,,,,,,,
1449647,2024/25,2025-01-19,"St George's Park, Gqeberha",2,5.1,Sunrisers Eastern Cape,Durban's Super Giants,DG Bedingham,TB Abell,CJ Dala,1,0,,,,,,,,,
1449647,2024/25,2025-01-19,"St George's Park, Gqeberha",2,5.2,Sunrisers Eastern Cape,Durban's Super Giants,TB Abell,DG Bedingham,CJ Dala,1,0,,,,,,,,,
1449647,2024/25,2025-01-19,"St George's Park, Gqeberha",2,5.3,Sunrisers Eastern Cape,Durban's Super Giants,DG Bedingham,TB Abell,CJ Dala,1,0,,,,,,,,,
1449647,2024/25,2025-01-19,"St George's Park, Gqeberha",2,5.4,Sunrisers Eastern Cape,Durban's Super Giants,TB Abell,DG Bedingham,CJ Dala,0,0,,,,,,,,,
1449647,2024/25,2025-01-19,"St George's Park, Gqeberha",2,5.5,Sunrisers Eastern Cape,Durban's Super Giants,TB Abell,DG Bedingham,CJ Dala,1,0,,,,,,,,,
1449647,2024/25,2025-01-19,"St George's Park, Gqeberha",2,5.6,Sunrisers Eastern Cape,Durban's Super Giants,DG Bedingham,TB Abell,CJ Dala,2,0,,,,,,,,,
1449647,2024/25,2025-01-19,"St George's Park, Gqeberha",2,6.1,Sunrisers Eastern Cape,Durban's Super Giants,TB Abell,DG Bedingham,Noor Ahmad,2,0,,,,,,,,,
1449647,2024/25,2025-01-19,"St George's Park, Gqeberha",2,6.2,Sunrisers Eastern Cape,Durban's Super Giants,TB Abell,DG Bedingham,Noor Ahmad,1,0,,,,,,,,,
1449647,2024/25,2025-01-19,"St George's Park, Gqeberha",2,6.3,Sunrisers Eastern Cape,Durban's Super Giants,DG Bedingham,TB Abell,Noor Ahmad,2,0,,,,,,,,,
1449647,2024/25,2025-01-19,"St George's Park, Gqeberha",2,6.4,Sunrisers Eastern Cape,Durban's Super Giants,DG Bedingham,TB Abell,Noor Ahmad,1,0,,,,,,,,,
1449647,2024/25,2025-01-19,"St George's Park, Gqeberha",2,6.5,Sunrisers Eastern Cape,Durban's Super Giants,TB Abell,DG Bedingham,Noor Ahmad,1,0,,,,,,,,,
1449647,2024/25,2025-01-19,"St George's Park, Gqeberha",2,6.6,Sunrisers Eastern Cape,Durban's Super Giants,DG Bedingham,TB Abell,Noor Ahmad,0,1,,,,1,,,,,
1449647,2024/25,2025-01-19,"St George's Park, Gqeberha",2,7.1,Sunrisers Eastern Cape,Durban's Super Giants,DG Bedingham,TB Abell,KA Maharaj,0,0,,,,,,lbw,DG Bedingham,,
1449647,2024/25,2025-01-19,"St George's Park, Gqeberha",2,7.2,Sunrisers Eastern Cape,Durban's Super Giants,J Hermann,TB Abell,KA Maharaj,0,0,,,,,,,,,
1449647,2024/25,2025-01-19,"St George's Park, Gqeberha",2,7.3,Sunrisers Eastern Cape,Durban's Super Giants,J Hermann,TB Abell,KA Maharaj,0,0,,,,,,,,,
1449647,2024/25,2025-01-19,"St George's Park, Gqeberha",2,7.4,Sunrisers Eastern Cape,Durban's Super Giants,J Hermann,TB Abell,KA Maharaj,2,0,,,,,,,,,
1449647,2024/25,2025-01-19,"St George's Park, Gqeberha",2,7.5,Sunrisers Eastern Cape,Durban's Super Giants,J Hermann,TB Abell,KA Maharaj,0,0,,,,,,,,,
1449647,2024/25,2025-01-19,"St George's Park, Gqeberha",2,7.6,Sunrisers Eastern Cape,Durban's Super Giants,J Hermann,TB Abell,KA Maharaj,1,0,,,,,,,,,
1449647,2024/25,2025-01-19,"St George's Park, Gqeberha",2,8.1,Sunrisers Eastern Cape,Durban's Super Giants,J Hermann,TB Abell,Noor Ahmad,1,0,,,,,,,,,
1449647,2024/25,2025-01-19,"St George's Park, Gqeberha",2,8.2,Sunrisers Eastern Cape,Durban's Super Giants,TB Abell,J Hermann,Noor Ahmad,0,0,,,,,,bowled,TB Abell,,
1449647,2024/25,2025-01-19,"St George's Park, Gqeberha",2,8.3,Sunrisers Eastern Cape,Durban's Super Giants,AK Markram,J Hermann,Noor Ahmad,0,0,,,,,,,,,
1449647,2024/25,2025-01-19,"St George's Park, Gqeberha",2,8.4,Sunrisers Eastern Cape,Durban's Super Giants,AK Markram,J Hermann,Noor Ahmad,0,0,,,,,,,,,
1449647,2024/25,2025-01-19,"St George's Park, Gqeberha",2,8.5,Sunrisers Eastern Cape,Durban's Super Giants,AK Markram,J Hermann,Noor Ahmad,0,2,2,,,,,,,,
1449647,2024/25,2025-01-19,"St George's Park, Gqeberha",2,8.6,Sunrisers Eastern Cape,Durban's Super Giants,J Hermann,AK Markram,Noor Ahmad,2,0,,,,,,,,,
1449647,2024/25,2025-01-19,"St George's Park, Gqeberha",2,8.7,Sunrisers Eastern Cape,Durban's Super Giants,J Hermann,AK Markram,Noor Ahmad,0,0,,,,,,,,,
1449647,2024/25,2025-01-19,"St George's Park, Gqeberha",2,9.1,Sunrisers Eastern Cape,Durban's Super Giants,AK Markram,J Hermann,KA Maharaj,1,0,,,,,,,,,
1449647,2024/25,2025-01-19,"St George's Park, Gqeberha",2,9.2,Sunrisers Eastern Cape,Durban's Super Giants,J Hermann,AK Markram,KA Maharaj,0,0,,,,,,,,,
1449647,2024/25,2025-01-19,"St George's Park, Gqeberha",2,9.3,Sunrisers Eastern Cape,Durban's Super Giants,J Hermann,AK Markram,KA Maharaj,0,0,,,,,,,,,
1449647,2024/25,2025-01-19,"St George's Park, Gqeberha",2,9.4,Sunrisers Eastern Cape,Durban's Super Giants,J Hermann,AK Markram,KA Maharaj,1,0,,,,,,,,,
1449647,2024/25,2025-01-19,"St George's Park, Gqeberha",2,9.5,Sunrisers Eastern Cape,Durban's Super Giants,AK Markram,J Hermann,KA Maharaj,1,0,,,,,,,,,
1449647,2024/25,2025-01-19,"St George's Park, Gqeberha",2,9.6,Sunrisers Eastern Cape,Durban's Super Giants,J Hermann,AK Markram,KA Maharaj,0,0,,,,,,,,,
1449647,2024/25,2025-01-19,"St George's Park, Gqeberha",2,10.1,Sunrisers Eastern Cape,Durban's Super Giants,AK Markram,J Hermann,Noor Ahmad,1,0,,,,,,,,,
1449647,2024/25,2025-01-19,"St George's Park, Gqeberha",2,10.2,Sunrisers Eastern Cape,Durban's Super Giants,J Hermann,AK Markram,Noor Ahmad,0,0,,,,,,,,,
1449647,2024/25,2025-01-19,"St George's Park, Gqeberha",2,10.3,Sunrisers Eastern Cape,Durban's Super Giants,J Hermann,AK Markram,Noor Ahmad,4,0,,,,,,,,,
1449647,2024/25,2025-01-19,"St George's Park, Gqeberha",2,10.4,Sunrisers Eastern Cape,Durban's Super Giants,J Hermann,AK Markram,Noor Ahmad,0,0,,,,,,,,,
1449647,2024/25,2025-01-19,"St George's Park, Gqeberha",2,10.5,Sunrisers Eastern Cape,Durban's Super Giants,J Hermann,AK Markram,Noor Ahmad,4,0,,,,,,,,,
1449647,2024/25,2025-01-19,"St George's Park, Gqeberha",2,10.6,Sunrisers Eastern Cape,Durban's Super Giants,J Hermann,AK Markram,Noor Ahmad,0,0,,,,,,,,,
1449647,2024/25,2025-01-19,"St George's Park, Gqeberha",2,11.1,Sunrisers Eastern Cape,Durban's Super Giants,AK Markram,J Hermann,KA Maharaj,1,0,,,,,,,,,
1449647,2024/25,2025-01-19,"St George's Park, Gqeberha",2,11.2,Sunrisers Eastern Cape,Durban's Super Giants,J Hermann,AK Markram,KA Maharaj,1,0,,,,,,,,,
1449647,2024/25,2025-01-19,"St George's Park, Gqeberha",2,11.3,Sunrisers Eastern Cape,Durban's Super Giants,AK Markram,J Hermann,KA Maharaj,1,0,,,,,,,,,
1449647,2024/25,2025-01-19,"St George's Park, Gqeberha",2,11.4,Sunrisers Eastern Cape,Durban's Super Giants,J Hermann,AK Markram,KA Maharaj,1,0,,,,,,,,,
1449647,2024/25,2025-01-19,"St George's Park, Gqeberha",2,11.5,Sunrisers Eastern Cape,Durban's Super Giants,AK Markram,J Hermann,KA Maharaj,1,0,,,,,,,,,
1449647,2024/25,2025-01-19,"St George's Park, Gqeberha",2,11.6,Sunrisers Eastern Cape,Durban's Super Giants,J Hermann,AK Markram,KA Maharaj,1,0,,,,,,,,,
1449647,2024/25,2025-01-19,"St George's Park, Gqeberha",2,12.1,Sunrisers Eastern Cape,Durban's Super Giants,J Hermann,AK Markram,Noor Ahmad,1,0,,,,,,,,,
1449647,2024/25,2025-01-19,"St George's Park, Gqeberha",2,12.2,Sunrisers Eastern Cape,Durban's Super Giants,AK Markram,J Hermann,Noor Ahmad,0,0,,,,,,,,,
1449647,2024/25,2025-01-19,"St George's Park, Gqeberha",2,12.3,Sunrisers Eastern Cape,Durban's Super Giants,AK Markram,J Hermann,Noor Ahmad,1,0,,,,,,,,,
1449647,2024/25,2025-01-19,"St George's Park, Gqeberha",2,12.4,Sunrisers Eastern Cape,Durban's Super Giants,J Hermann,AK Markram,Noor Ahmad,1,0,,,,,,,,,
1449647,2024/25,2025-01-19,"St George's Park, Gqeberha",2,12.5,Sunrisers Eastern Cape,Durban's Super Giants,AK Markram,J Hermann,Noor Ahmad,0,0,,,,,,,,,
1449647,2024/25,2025-01-19,"St George's Park, Gqeberha",2,12.6,Sunrisers Eastern Cape,Durban's Super Giants,AK Markram,J Hermann,Noor Ahmad,1,0,,,,,,,,,
1449647,2024/25,2025-01-19,"St George's Park, Gqeberha",2,13.1,Sunrisers Eastern Cape,Durban's Super Giants,AK Markram,J Hermann,KA Maharaj,0,0,,,,,,,,,
1449647,2024/25,2025-01-19,"St George's Park, Gqeberha",2,13.2,Sunrisers Eastern Cape,Durban's Super Giants,AK Markram,J Hermann,KA Maharaj,1,0,,,,,,,,,
1449647,2024/25,2025-01-19,"St George's Park, Gqeberha",2,13.3,Sunrisers Eastern Cape,Durban's Super Giants,J Hermann,AK Markram,KA Maharaj,1,0,,,,,,,,,
1449647,2024/25,2025-01-19,"St George's Park, Gqeberha",2,13.4,Sunrisers Eastern Cape,Durban's Super Giants,AK Markram,J Hermann,KA Maharaj,0,1,1,,,,,,,,
1449647,2024/25,2025-01-19,"St George's Park, Gqeberha",2,13.5,Sunrisers Eastern Cape,Durban's Super Giants,AK Markram,J Hermann,KA Maharaj,1,0,,,,,,,,,
1449647,2024/25,2025-01-19,"St George's Park, Gqeberha",2,13.6,Sunrisers Eastern Cape,Durban's Super Giants,J Hermann,AK Markram,KA Maharaj,2,0,,,,,,,,,
1449647,2024/25,2025-01-19,"St George's Park, Gqeberha",2,13.7,Sunrisers Eastern Cape,Durban's Super Giants,J Hermann,AK Markram,KA Maharaj,0,0,,,,,,caught,J Hermann,,
1449647,2024/25,2025-01-19,"St George's Park, Gqeberha",2,14.1,Sunrisers Eastern Cape,Durban's Super Giants,AK Markram,M Jansen,JT Smuts,1,0,,,,,,,,,
1449647,2024/25,2025-01-19,"St George's Park, Gqeberha",2,14.2,Sunrisers Eastern Cape,Durban's Super Giants,M Jansen,AK Markram,JT Smuts,0,0,,,,,,,,,
1449647,2024/25,2025-01-19,"St George's Park, Gqeberha",2,14.3,Sunrisers Eastern Cape,Durban's Super Giants,M Jansen,AK Markram,JT Smuts,1,0,,,,,,,,,
1449647,2024/25,2025-01-19,"St George's Park, Gqeberha",2,14.4,Sunrisers Eastern Cape,Durban's Super Giants,AK Markram,M Jansen,JT Smuts,4,0,,,,,,,,,
1449647,2024/25,2025-01-19,"St George's Park, Gqeberha",2,14.5,Sunrisers Eastern Cape,Durban's Super Giants,AK Markram,M Jansen,JT Smuts,6,0,,,,,,,,,
1449647,2024/25,2025-01-19,"St George's Park, Gqeberha",2,14.6,Sunrisers Eastern Cape,Durban's Super Giants,AK Markram,M Jansen,JT Smuts,4,0,,,,,,,,,
1449647,2024/25,2025-01-19,"St George's Park, Gqeberha",2,15.1,Sunrisers Eastern Cape,Durban's Super Giants,M Jansen,AK Markram,CJ Dala,1,0,,,,,,,,,
1449647,2024/25,2025-01-19,"St George's Park, Gqeberha",2,15.2,Sunrisers Eastern Cape,Durban's Super Giants,AK Markram,M Jansen,CJ Dala,0,1,1,,,,,,,,
1449647,2024/25,2025-01-19,"St George's Park, Gqeberha",2,15.3,Sunrisers Eastern Cape,Durban's Super Giants,AK Markram,M Jansen,CJ Dala,6,0,,,,,,,,,
