match_id,season,start_date,venue,innings,ball,batting_team,bowling_team,striker,non_striker,bowler,runs_off_bat,extras,wides,noballs,byes,legbyes,penalty,wicket_type,player_dismissed,other_wicket_type,other_player_dismissed
1392679,2023/24,2024-02-03,"Newlands, Cape Town",1,0.1,MI Cape Town,Pretoria Capitals,HE van der Dussen,RD Rickelton,WG Jacks,0,0,,,,,,,,,
1392679,2023/24,2024-02-03,"Newlands, Cape Town",1,0.2,MI Cape Town,Pretoria Capitals,HE van der Dussen,RD Rickelton,WG Jacks,1,0,,,,,,,,,
1392679,2023/24,2024-02-03,"Newlands, Cape Town",1,0.3,MI Cape Town,Pretoria Capitals,RD Rickelton,HE van der Dussen,WG Jacks,1,0,,,,,,,,,
1392679,2023/24,2024-02-03,"Newlands, Cape Town",1,0.4,MI Cape Town,Pretoria Capitals,HE van der Dussen,RD Rickelton,WG Jacks,2,0,,,,,,,,,
1392679,2023/24,2024-02-03,"Newlands, Cape Town",1,0.5,MI Cape Town,Pretoria Capitals,HE van der Dussen,RD Rickelton,WG Jacks,1,0,,,,,,,,,
1392679,2023/24,2024-02-03,"Newlands, Cape Town",1,0.6,MI Cape Town,Pretoria Capitals,RD Rickelton,HE van der Dussen,WG Jacks,1,0,,,,,,,,,
1392679,2023/24,2024-02-03,"Newlands, Cape Town",1,1.1,MI Cape Town,Pretoria Capitals,RD Rickelton,HE van der Dussen,E Bosch,0,0,,,,,,,,,
1392679,2023/24,2024-02-03,"Newlands, Cape Town",1,1.2,MI Cape Town,Pretoria Capitals,RD Rickelton,HE van der Dussen,E Bosch,0,0,,,,,,,,,
1392679,2023/24,2024-02-03,"Newlands, Cape Town",1,1.3,MI Cape Town,Pretoria Capitals,RD Rickelton,HE van der Dussen,E Bosch,0,0,,,,,,,,,
1392679,2023/24,2024-02-03,"Newlands, Cape Town",1,1.4,MI Cape Town,Pretoria Capitals,RD Rickelton,HE van der Dussen,E Bosch,4,0,,,,,,,,,
1392679,2023/24,2024-02-03,"Newlands, Cape Town",1,1.5,MI Cape Town,Pretoria Capitals,RD Rickelton,HE van der Dussen,E Bosch,6,0,,,,,,,,,
1392679,2023/24,2024-02-03,"Newlands, Cape Town",1,1.6,MI Cape Town,Pretoria Capitals,RD Rickelton,HE van der Dussen,E Bosch,1,0,,,,,,,,,
1392679,2023/24,2024-02-03,"Newlands, Cape Town",1,2.1,MI Cape Town,Pretoria Capitals,RD Rickelton,HE van der Dussen,WG Jacks,1,0,,,,,,,,,
1392679,2023/24,2024-02-03,"Newlands, Cape Town",1,2.2,MI Cape Town,Pretoria Capitals,HE van der Dussen,RD Rickelton,WG Jacks,0,0,,,,,,,,,
1392679,2023/24,2024-02-03,"Newlands, Cape Town",1,2.3,MI Cape Town,Pretoria Capitals,HE van der Dussen,RD Rickelton,WG Jacks,1,0,,,,,,,,,
1392679,2023/24,2024-02-03,"Newlands, Cape Town",1,2.4,MI Cape Town,Pretoria Capitals,RD Rickelton,HE van der Dussen,WG Jacks,0,0,,,,,,,,,
1392679,2023/24,2024-02-03,"Newlands, Cape Town",1,2.5,MI Cape Town,Pretoria Capitals,RD Rickelton,HE van der Dussen,WG Jacks,0,0,,,,,,,,,
1392679,2023/24,2024-02-03,"Newlands, Cape Town",1,2.6,MI Cape Town,Pretoria Capitals,RD Rickelton,HE van der Dussen,WG Jacks,1,0,,,,,,,,,
1392679,2023/24,2024-02-03,"Newlands, Cape Town",1,3.1,MI Cape Town,Pretoria Capitals,RD Rickelton,HE van der Dussen,DM Dupavillon,0,0,,,,,,,,,
1392679,2023/24,2024-02-03,"Newlands, Cape Town",1,3.2,MI Cape Town,Pretoria Capitals,RD Rickelton,HE van der Dussen,DM Dupavillon,0,0,,,,,,,,,
1392679,2023/24,2024-02-03,"Newlands, Cape Town",1,3.3,MI Cape Town,Pretoria Capitals,RD Rickelton,HE van der Dussen,DM Dupavillon,4,0,,,,,,,,,
1392679,2023/24,2024-02-03,"Newlands, Cape Town",1,3.4,MI Cape Town,Pretoria Capitals,RD Rickelton,HE van der Dussen,DM Dupavillon,1,0,,,,,,,,,
1392679,2023/24,2024-02-03,"Newlands, Cape Town",1,3.5,MI Cape Town,Pretoria Capitals,HE van der Dussen,RD Rickelton,DM Dupavillon,4,0,,,,,,,,,
1392679,2023/24,2024-02-03,"Newlands, Cape Town",1,3.6,MI Cape Town,Pretoria Capitals,HE van der Dussen,RD Rickelton,DM Dupavillon,0,0,,,,,,,,,
1392679,2023/24,2024-02-03,"Newlands, Cape Town",1,4.1,MI Cape Town,Pretoria Capitals,RD Rickelton,HE van der Dussen,WG Jacks,0,1,1.0,,,,,,,,
1392679,2023/24,2024-02-03,"Newlands, Cape Town",1,4.2,MI Cape Town,Pretoria Capitals,RD Rickelton,HE van der Dussen,WG Jacks,0,0,,,,,,,,,
1392679,2023/24,2024-02-03,"Newlands, Cape Town",1,4.3,MI Cape Town,Pretoria Capitals,RD Rickelton,HE van der Dussen,WG Jacks,1,0,,,,,,,,,
1392679,2023/24,2024-02-03,"Newlands, Cape Town",1,4.4,MI Cape Town,Pretoria Capitals,HE van der Dussen,RD Rickelton,WG Jacks,1,0,,,,,,,,,
1392679,2023/24,2024-02-03,"Newlands, Cape Town",1,4.5,MI Cape Town,Pretoria Capitals,RD Rickelton,HE van der Dussen,WG Jacks,1,0,,,,,,,,,
1392679,2023/24,2024-02-03,"Newlands, Cape Town",1,4.6,MI Cape Town,Pretoria Capitals,HE van der Dussen,RD Rickelton,WG Jacks,4,0,,,,,,,,,
1392679,2023/24,2024-02-03,"Newlands, Cape Town",1,4.7,MI Cape Town,Pretoria Capitals,HE van der Dussen,RD Rickelton,WG Jacks,1,0,,,,,,,,,
1392679,2023/24,2024-02-03,"Newlands, Cape Town",1,5.1,MI Cape Town,Pretoria Capitals,HE van der Dussen,RD Rickelton,E Bosch,4,0,,,,,,,,,
1392679,2023/24,2024-02-03,"Newlands, Cape Town",1,5.2,MI Cape Town,Pretoria Capitals,HE van der Dussen,RD Rickelton,E Bosch,0,0,,,,,,,,,
1392679,2023/24,2024-02-03,"Newlands, Cape Town",1,5.3,MI Cape Town,Pretoria Capitals,HE van der Dussen,RD Rickelton,E Bosch,1,0,,,,,,,,,
1392679,2023/24,2024-02-03,"Newlands, Cape Town",1,5.4,MI Cape Town,Pretoria Capitals,RD Rickelton,HE van der Dussen,E Bosch,4,0,,,,,,,,,
1392679,2023/24,2024-02-03,"Newlands, Cape Town",1,5.5,MI Cape Town,Pretoria Capitals,RD Rickelton,HE van der Dussen,E Bosch,1,0,,,,,,,,,
1392679,2023/24,2024-02-03,"Newlands, Cape Town",1,5.6,MI Cape Town,Pretoria Capitals,HE van der Dussen,RD Rickelton,E Bosch,1,0,,,,,,,,,
1392679,2023/24,2024-02-03,"Newlands, Cape Town",1,6.1,MI Cape Town,Pretoria Capitals,HE van der Dussen,RD Rickelton,CN Ackermann,2,0,,,,,,,,,
1392679,2023/24,2024-02-03,"Newlands, Cape Town",1,6.2,MI Cape Town,Pretoria Capitals,HE van der Dussen,RD Rickelton,CN Ackermann,2,0,,,,,,,,,
1392679,2023/24,2024-02-03,"Newlands, Cape Town",1,6.3,MI Cape Town,Pretoria Capitals,HE van der Dussen,RD Rickelton,CN Ackermann,1,0,,,,,,,,,
1392679,2023/24,2024-02-03,"Newlands, Cape Town",1,6.4,MI Cape Town,Pretoria Capitals,RD Rickelton,HE van der Dussen,CN Ackermann,2,0,,,,,,,,,
1392679,2023/24,2024-02-03,"Newlands, Cape Town",1,6.5,MI Cape Town,Pretoria Capitals,RD Rickelton,HE van der Dussen,CN Ackermann,6,0,,,,,,,,,
1392679,2023/24,2024-02-03,"Newlands, Cape Town",1,6.6,MI Cape Town,Pretoria Capitals,RD Rickelton,HE van der Dussen,CN Ackermann,0,0,,,,,,caught,RD Rickelton,,
1392679,2023/24,2024-02-03,"Newlands, Cape Town",1,7.1,MI Cape Town,Pretoria Capitals,HE van der Dussen,LS Livingstone,AU Rashid,0,0,,,,,,,,,
1392679,2023/24,2024-02-03,"Newlands, Cape Town",1,7.2,MI Cape Town,Pretoria Capitals,HE van der Dussen,LS Livingstone,AU Rashid,0,0,,,,,,,,,
1392679,2023/24,2024-02-03,"Newlands, Cape Town",1,7.3,MI Cape Town,Pretoria Capitals,HE van der Dussen,LS Livingstone,AU Rashid,1,0,,,,,,,,,
1392679,2023/24,2024-02-03,"Newlands, Cape Town",1,7.4,MI Cape Town,Pretoria Capitals,LS Livingstone,HE van der Dussen,AU Rashid,1,0,,,,,,,,,
1392679,2023/24,2024-02-03,"Newlands, Cape Town",1,7.5,MI Cape Town,Pretoria Capitals,HE van der Dussen,LS Livingstone,AU Rashid,1,0,,,,,,,,,
1392679,2023/24,2024-02-03,"Newlands, Cape Town",1,7.6,MI Cape Town,Pretoria Capitals,LS Livingstone,HE van der Dussen,AU Rashid,1,0,,,,,,,,,
1392679,2023/24,2024-02-03,"Newlands, Cape Town",1,8.1,MI Cape Town,Pretoria Capitals,LS Livingstone,HE van der Dussen,S Muthusamy,0,0,,,,,,,,,
1392679,2023/24,2024-02-03,"Newlands, Cape Town",1,8.2,MI Cape Town,Pretoria Capitals,LS Livingstone,HE van der Dussen,S Muthusamy,1,0,,,,,,,,,
1392679,2023/24,2024-02-03,"Newlands, Cape Town",1,8.3,MI Cape Town,Pretoria Capitals,HE van der Dussen,LS Livingstone,S Muthusamy,1,0,,,,,,,,,
1392679,2023/24,2024-02-03,"Newlands, Cape Town",1,8.4,MI Cape Town,Pretoria Capitals,LS Livingstone,HE van der Dussen,S Muthusamy,0,0,,,,,,,,,
1392679,2023/24,2024-02-03,"Newlands, Cape Town",1,8.5,MI Cape Town,Pretoria Capitals,LS Livingstone,HE van der Dussen,S Muthusamy,1,0,,,,,,,,,
1392679,2023/24,2024-02-03,"Newlands, Cape Town",1,8.6,MI Cape Town,Pretoria Capitals,HE van der Dussen,LS Livingstone,S Muthusamy,1,0,,,,,,,,,
1392679,2023/24,2024-02-03,"Newlands, Cape Town",1,9.1,MI Cape Town,Pretoria Capitals,HE van der Dussen,LS Livingstone,AU Rashid,1,0,,,,,,,,,
1392679,2023/24,2024-02-03,"Newlands, Cape Town",1,9.2,MI Cape Town,Pretoria Capitals,LS Livingstone,HE van der Dussen,AU Rashid,1,0,,,,,,,,,
1392679,2023/24,2024-02-03,"Newlands, Cape Town",1,9.3,MI Cape Town,Pretoria Capitals,HE van der Dussen,LS Livingstone,AU Rashid,1,0,,,,,,,,,
1392679,2023/24,2024-02-03,"Newlands, Cape Town",1,9.4,MI Cape Town,Pretoria Capitals,LS Livingstone,HE van der Dussen,AU Rashid,1,0,,,,,,,,,
1392679,2023/24,2024-02-03,"Newlands, Cape Town",1,9.5,MI Cape Town,Pretoria Capitals,HE van der Dussen,LS Livingstone,AU Rashid,1,0,,,,,,,,,
1392679,2023/24,2024-02-03,"Newlands, Cape Town",1,9.6,MI Cape Town,Pretoria Capitals,LS Livingstone,HE van der Dussen,AU Rashid,0,0,,,,,,caught,LS Livingstone,,
1392679,2023/24,2024-02-03,"Newlands, Cape Town",1,10.1,MI Cape Town,Pretoria Capitals,HE van der Dussen,SM Curran,S Muthusamy,1,0,,,,,,,,,
1392679,2023/24,2024-02-03,"Newlands, Cape Town",1,10.2,MI Cape Town,Pretoria Capitals,SM Curran,HE van der Dussen,S Muthusamy,0,0,,,,,,,,,
1392679,2023/24,2024-02-03,"Newlands, Cape Town",1,10.3,MI Cape Town,Pretoria Capitals,SM Curran,HE van der Dussen,S Muthusamy,1,0,,,,,,,,,
1392679,2023/24,2024-02-03,"Newlands, Cape Town",1,10.4,MI Cape Town,Pretoria Capitals,HE van der Dussen,SM Curran,S Muthusamy,0,0,,,,,,,,,
1392679,2023/24,2024-02-03,"Newlands, Cape Town",1,10.5,MI Cape Town,Pretoria Capitals,HE van der Dussen,SM Curran,S Muthusamy,1,0,,,,,,,,,
1392679,2023/24,2024-02-03,"Newlands, Cape Town",1,10.6,MI Cape Town,Pretoria Capitals,SM Curran,HE van der Dussen,S Muthusamy,1,0,,,,,,,,,
1392679,2023/24,2024-02-03,"Newlands, Cape Town",1,11.1,MI Cape Town,Pretoria Capitals,SM Curran,HE van der Dussen,AU Rashid,0,0,,,,,,,,,
1392679,2023/24,2024-02-03,"Newlands, Cape Town",1,11.2,MI Cape Town,Pretoria Capitals,SM Curran,HE van der Dussen,AU Rashid,1,0,,,,,,,,,
1392679,2023/24,2024-02-03,"Newlands, Cape Town",1,11.3,MI Cape Town,Pretoria Capitals,HE van der Dussen,SM Curran,AU Rashid,1,0,,,,,,,,,
1392679,2023/24,2024-02-03,"Newlands, Cape Town",1,11.4,MI Cape Town,Pretoria Capitals,SM Curran,HE van der Dussen,AU Rashid,0,0,,,,,,caught,SM Curran,,
1392679,2023/24,2024-02-03,"Newlands, Cape Town",1,11.5,MI Cape Town,Pretoria Capitals,D Brevis,HE van der Dussen,AU Rashid,0,0,,,,,,,,,
1392679,2023/24,2024-02-03,"Newlands, Cape Town",1,11.6,MI Cape Town,Pretoria Capitals,D Brevis,HE van der Dussen,AU Rashid,1,0,,,,,,,,,
1392679,2023/24,2024-02-03,"Newlands, Cape Town",1,12.1,MI Cape Town,Pretoria Capitals,D Brevis,HE van der Dussen,DM Dupavillon,1,0,,,,,,,,,
1392679,2023/24,2024-02-03,"Newlands, Cape Town",1,12.2,MI Cape Town,Pretoria Capitals,HE van der Dussen,D Brevis,DM Dupavillon,0,0,,,,,,,,,
1392679,2023/24,2024-02-03,"Newlands, Cape Town",1,12.3,MI Cape Town,Pretoria Capitals,HE van der Dussen,D Brevis,DM Dupavillon,2,0,,,,,,,,,
1392679,2023/24,2024-02-03,"Newlands, Cape Town",1,12.4,MI Cape Town,Pretoria Capitals,HE van der Dussen,D Brevis,DM Dupavillon,2,0,,,,,,,,,
1392679,2023/24,2024-02-03,"Newlands, Cape Town",1,12.5,MI Cape Town,Pretoria Capitals,HE van der Dussen,D Brevis,DM Dupavillon,4,0,,,,,,,,,
1392679,2023/24,2024-02-03,"Newlands, Cape Town",1,12.6,MI Cape Town,Pretoria Capitals,HE van der Dussen,D Brevis,DM Dupavillon,0,0,,,,,,,,,
1392679,2023/24,2024-02-03,"Newlands, Cape Town",1,13.1,MI Cape Town,Pretoria Capitals,D Brevis,HE van der Dussen,WD Parnell,0,0,,,,,,,,,
1392679,2023/24,2024-02-03,"Newlands, Cape Town",1,13.2,MI Cape Town,Pretoria Capitals,D Brevis,HE van der Dussen,WD Parnell,4,0,,,,,,,,,
1392679,2023/24,2024-02-03,"Newlands, Cape Town",1,13.3,MI Cape Town,Pretoria Capitals,D Brevis,HE van der Dussen,WD Parnell,1,0,,,,,,,,,
1392679,2023/24,2024-02-03,"Newlands, Cape Town",1,13.4,MI Cape Town,Pretoria Capitals,HE van der Dussen,D Brevis,WD Parnell,1,0,,,,,,,,,
1392679,2023/24,2024-02-03,"Newlands, Cape Town",1,13.5,MI Cape Town,Pretoria Capitals,D Brevis,HE van der Dussen,WD Parnell,0,0,,,,,,,,,
1392679,2023/24,2024-02-03,"Newlands, Cape Town",1,13.6,MI Cape Town,Pretoria Capitals,D Brevis,HE van der Dussen,WD Parnell,1,0,,,,,,,,,
1392679,2023/24,2024-02-03,"Newlands, Cape Town",1,14.1,MI Cape Town,Pretoria Capitals,D Brevis,HE van der Dussen,S Muthusamy,0,2,2.0,,,,,,,,
1392679,2023/24,2024-02-03,"Newlands, Cape Town",1,14.2,MI Cape Town,Pretoria Capitals,HE van der Dussen,D Brevis,S Muthusamy,2,0,,,,,,,,,
1392679,2023/24,2024-02-03,"Newlands, Cape Town",1,14.3,MI Cape Town,Pretoria Capitals,HE van der Dussen,D Brevis,S Muthusamy,6,0,,,,,,,,,
1392679,2023/24,2024-02-03,"Newlands, Cape Town",1,14.4,MI Cape Town,Pretoria Capitals,HE van der Dussen,D Brevis,S Muthusamy,1,0,,,,,,,,,
1392679,2023/24,2024-02-03,"Newlands, Cape Town",1,14.5,MI Cape Town,Pretoria Capitals,D Brevis,HE van der Dussen,S Muthusamy,1,0,,,,,,,,,
1392679,2023/24,2024-02-03,"Newlands, Cape Town",1,14.6,MI Cape Town,Pretoria Capitals,HE van der Dussen,D Brevis,S Muthusamy,2,0,,,,,,,,,
1392679,2023/24,2024-02-03,"Newlands, Cape Town",1,14.7,MI Cape Town,Pretoria Capitals,HE van der Dussen,D Brevis,S Muthusamy,1,0,,,,,,,,,
1392679,2023/24,2024-02-03,"Newlands, Cape Town",1,15.1,MI Cape Town,Pretoria Capitals,HE van der Dussen,D Brevis,WD Parnell,1,0,,,,,,,,,
1392679,2023/24,2024-02-03,"Newlands, Cape Town",1,15.2,MI Cape Town,Pretoria Capitals,D Brevis,HE van der Dussen,WD Parnell,0,0,,,,,,caught,D Brevis,,
1392679,2023/24,2024-02-03,"Newlands, Cape Town",1,15.3,MI Cape Town,Pretoria Capitals,KA Pollard,HE van der Dussen,WD Parnell,0,0,,,,,,,,,
1392679,2023/24,2024-02-03,"Newlands, Cape Town",1,15.4,MI Cape Town,Pretoria Capitals,KA Pollard,HE van der Dussen,WD Parnell,0,0,,,,,,,,,
1392679,2023/24,2024-02-03,"Newlands, Cape Town",1,15.5,MI Cape Town,Pretoria Capitals,KA Pollard,HE van der Dussen,WD Parnell,6,0,,,,,,,,,
1392679,2023/24,2024-02-03,"Newlands, Cape Town",1,15.6,MI Cape Town,Pretoria Capitals,KA Pollard,HE van der Dussen,WD Parnell,1,0,,,,,,,,,
1392679,2023/24,2024-02-03,"Newlands, Cape Town",1,16.1,MI Cape Town,Pretoria Capitals,KA Pollard,HE van der Dussen,AU Rashid,0,0,,,,,,,,,
1392679,2023/24,2024-02-03,"Newlands, Cape Town",1,16.2,MI Cape Town,Pretoria Capitals,KA Pollard,HE van der Dussen,AU Rashid,6,0,,,,,,,,,
1392679,2023/24,2024-02-03,"Newlands, Cape Town",1,16.3,MI Cape Town,Pretoria Capitals,KA Pollard,HE van der Dussen,AU Rashid,0,1,,,,1.0,,,,,
1392679,2023/24,2024-02-03,"Newlands, Cape Town",1,16.4,MI Cape Town,Pretoria Capitals,HE van der Dussen,KA Pollard,AU Rashid,1,0,,,,,,,,,
1392679,2023/24,2024-02-03,"Newlands, Cape Town",1,16.5,MI Cape Town,Pretoria Capitals,KA Pollard,HE van der Dussen,AU Rashid,6,0,,,,,,,,,
1392679,2023/24,2024-02-03,"Newlands, Cape Town",1,16.6,MI Cape Town,Pretoria Capitals,KA Pollard,HE van der Dussen,AU Rashid,1,0,,,,,,,,,
1392679,2023/24,2024-02-03,"Newlands, Cape Town",1,17.1,MI Cape Town,Pretoria Capitals,KA Pollard,HE van der Dussen,WD Parnell,0,0,,,,,,,,,
1392679,2023/24,2024-02-03,"Newlands, Cape Town",1,17.2,MI Cape Town,Pretoria Capitals,KA Pollard,HE van der Dussen,WD Parnell,4,0,,,,,,,,,
1392679,2023/24,2024-02-03,"Newlands, Cape Town",1,17.3,MI Cape Town,Pretoria Capitals,KA Pollard,HE van der Dussen,WD Parnell,0,0,,,,,,,,,
1392679,2023/24,2024-02-03,"Newlands, Cape Town",1,17.4,MI Cape Town,Pretoria Capitals,KA Pollard,HE van der Dussen,WD Parnell,6,0,,,,,,,,,
1392679,2023/24,2024-02-03,"Newlands, Cape Town",1,17.5,MI Cape Town,Pretoria Capitals,KA Pollard,HE van der Dussen,WD Parnell,1,0,,,,,,,,,
1392679,2023/24,2024-02-03,"Newlands, Cape Town",1,17.6,MI Cape Town,Pretoria Capitals,HE van der Dussen,KA Pollard,WD Parnell,1,0,,,,,,,,,
1392679,2023/24,2024-02-03,"Newlands, Cape Town",1,18.1,MI Cape Town,Pretoria Capitals,HE van der Dussen,KA Pollard,E Bosch,0,0,,,,,,caught,HE van der Dussen,,
1392679,2023/24,2024-02-03,"Newlands, Cape Town",1,18.2,MI Cape Town,Pretoria Capitals,GF Linde,KA Pollard,E Bosch,1,0,,,,,,,,,
1392679,2023/24,2024-02-03,"Newlands, Cape Town",1,18.3,MI Cape Town,Pretoria Capitals,KA Pollard,GF Linde,E Bosch,2,0,,,,,,,,,
1392679,2023/24,2024-02-03,"Newlands, Cape Town",1,18.4,MI Cape Town,Pretoria Capitals,KA Pollard,GF Linde,E Bosch,0,0,,,,,,caught,KA Pollard,,
1392679,2023/24,2024-02-03,"Newlands, Cape Town",1,18.5,MI Cape Town,Pretoria Capitals,TP Kaber,GF Linde,E Bosch,4,0,,,,,,,,,
1392679,2023/24,2024-02-03,"Newlands, Cape Town",1,18.6,MI Cape Town,Pretoria Capitals,TP Kaber,GF Linde,E Bosch,2,0,,,,,,,,,
1392679,2023/24,2024-02-03,"Newlands, Cape Town",1,19.1,MI Cape Town,Pretoria Capitals,GF Linde,TP Kaber,WD Parnell,4,0,,,,,,,,,
1392679,2023/24,2024-02-03,"Newlands, Cape Town",1,19.2,MI Cape Town,Pretoria Capitals,GF Linde,TP Kaber,WD Parnell,0,0,,,,,,caught,GF Linde,,
1392679,2023/24,2024-02-03,"Newlands, Cape Town",1,19.3,MI Cape Town,Pretoria Capitals,K Rabada,TP Kaber,WD Parnell,1,0,,,,,,,,,
1392679,2023/24,2024-02-03,"Newlands, Cape Town",1,19.4,MI Cape Town,Pretoria Capitals,TP Kaber,K Rabada,WD Parnell,1,0,,,,,,,,,
1392679,2023/24,2024-02-03,"Newlands, Cape Town",1,19.5,MI Cape Town,Pretoria Capitals,K Rabada,TP Kaber,WD Parnell,0,0,,,,,,caught,K Rabada,,
1392679,2023/24,2024-02-03,"Newlands, Cape Town",1,19.6,MI Cape Town,Pretoria Capitals,N Thushara,TP Kaber,WD Parnell,0,0,,,,,,bowled,N Thushara,,
