match_id,season,start_date,venue,innings,ball,batting_team,bowling_team,striker,non_striker,bowler,runs_off_bat,extras,wides,noballs,byes,legbyes,penalty,wicket_type,player_dismissed,other_wicket_type,other_player_dismissed
1449656,2024/25,2025-01-27,"Boland Park, Paarl",1,0.1,Durban's Super Giants,Paarl Royals,Q de Kock,BA King,BC Fortuin,0,0,,,,,,,,,
1449656,2024/25,2025-01-27,"Boland Park, Paarl",1,0.2,Durban's Super Giants,Paarl Royals,Q de Kock,BA King,BC Fortuin,0,0,,,,,,,,,
1449656,2024/25,2025-01-27,"Boland Park, Paarl",1,0.3,Durban's Super Giants,Paarl Royals,Q de Kock,BA King,BC Fortuin,0,0,,,,,,bowled,Q de Kock,,
1449656,2024/25,2025-01-27,"Boland Park, Paarl",1,0.4,Durban's Super Giants,Paarl Royals,B Parsons,BA King,BC Fortuin,1,0,,,,,,,,,
1449656,2024/25,2025-01-27,"Boland Park, Paarl",1,0.5,Durban's Super Giants,Paarl Royals,BA King,B Parsons,BC Fortuin,0,0,,,,,,,,,
1449656,2024/25,2025-01-27,"Boland Park, Paarl",1,0.6,Durban's Super Giants,Paarl Royals,BA King,B Parsons,BC Fortuin,1,0,,,,,,,,,
1449656,2024/25,2025-01-27,"Boland Park, Paarl",1,1.1,Durban's Super Giants,Paarl Royals,BA King,B Parsons,KT Maphaka,0,0,,,,,,,,,
1449656,2024/25,2025-01-27,"Boland Park, Paarl",1,1.2,Durban's Super Giants,Paarl Royals,BA King,B Parsons,KT Maphaka,2,0,,,,,,,,,
1449656,2024/25,2025-01-27,"Boland Park, Paarl",1,1.3,Durban's Super Giants,Paarl Royals,BA King,B Parsons,KT Maphaka,0,0,,,,,,,,,
1449656,2024/25,2025-01-27,"Boland Park, Paarl",1,1.4,Durban's Super Giants,Paarl Royals,BA King,B Parsons,KT Maphaka,0,0,,,,,,,,,
1449656,2024/25,2025-01-27,"Boland Park, Paarl",1,1.5,Durban's Super Giants,Paarl Royals,BA King,B Parsons,KT Maphaka,0,0,,,,,,bowled,BA King,,
1449656,2024/25,2025-01-27,"Boland Park, Paarl",1,1.6,Durban's Super Giants,Paarl Royals,KS Williamson,B Parsons,KT Maphaka,0,0,,,,,,,,,
1449656,2024/25,2025-01-27,"Boland Park, Paarl",1,2.1,Durban's Super Giants,Paarl Royals,B Parsons,KS Williamson,BC Fortuin,0,0,,,,,,,,,
1449656,2024/25,2025-01-27,"Boland Park, Paarl",1,2.2,Durban's Super Giants,Paarl Royals,B Parsons,KS Williamson,BC Fortuin,1,0,,,,,,,,,
1449656,2024/25,2025-01-27,"Boland Park, Paarl",1,2.3,Durban's Super Giants,Paarl Royals,KS Williamson,B Parsons,BC Fortuin,0,0,,,,,,,,,
1449656,2024/25,2025-01-27,"Boland Park, Paarl",1,2.4,Durban's Super Giants,Paarl Royals,KS Williamson,B Parsons,BC Fortuin,1,0,,,,,,,,,
1449656,2024/25,2025-01-27,"Boland Park, Paarl",1,2.5,Durban's Super Giants,Paarl Royals,B Parsons,KS Williamson,BC Fortuin,1,0,,,,,,,,,
1449656,2024/25,2025-01-27,"Boland Park, Paarl",1,2.6,Durban's Super Giants,Paarl Royals,KS Williamson,B Parsons,BC Fortuin,1,0,,,,,,,,,
1449656,2024/25,2025-01-27,"Boland Park, Paarl",1,3.1,Durban's Super Giants,Paarl Royals,KS Williamson,B Parsons,KT Maphaka,1,0,,,,,,,,,
1449656,2024/25,2025-01-27,"Boland Park, Paarl",1,3.2,Durban's Super Giants,Paarl Royals,B Parsons,KS Williamson,KT Maphaka,1,0,,,,,,,,,
1449656,2024/25,2025-01-27,"Boland Park, Paarl",1,3.3,Durban's Super Giants,Paarl Royals,KS Williamson,B Parsons,KT Maphaka,0,0,,,,,,,,,
1449656,2024/25,2025-01-27,"Boland Park, Paarl",1,3.4,Durban's Super Giants,Paarl Royals,KS Williamson,B Parsons,KT Maphaka,1,0,,,,,,,,,
1449656,2024/25,2025-01-27,"Boland Park, Paarl",1,3.5,Durban's Super Giants,Paarl Royals,B Parsons,KS Williamson,KT Maphaka,0,1,1,,,,,,,,
1449656,2024/25,2025-01-27,"Boland Park, Paarl",1,3.6,Durban's Super Giants,Paarl Royals,B Parsons,KS Williamson,KT Maphaka,4,0,,,,,,,,,
1449656,2024/25,2025-01-27,"Boland Park, Paarl",1,3.7,Durban's Super Giants,Paarl Royals,B Parsons,KS Williamson,KT Maphaka,0,0,,,,,,,,,
1449656,2024/25,2025-01-27,"Boland Park, Paarl",1,4.1,Durban's Super Giants,Paarl Royals,KS Williamson,B Parsons,BC Fortuin,0,0,,,,,,,,,
1449656,2024/25,2025-01-27,"Boland Park, Paarl",1,4.2,Durban's Super Giants,Paarl Royals,KS Williamson,B Parsons,BC Fortuin,4,0,,,,,,,,,
1449656,2024/25,2025-01-27,"Boland Park, Paarl",1,4.3,Durban's Super Giants,Paarl Royals,KS Williamson,B Parsons,BC Fortuin,0,0,,,,,,,,,
1449656,2024/25,2025-01-27,"Boland Park, Paarl",1,4.4,Durban's Super Giants,Paarl Royals,KS Williamson,B Parsons,BC Fortuin,1,0,,,,,,,,,
1449656,2024/25,2025-01-27,"Boland Park, Paarl",1,4.5,Durban's Super Giants,Paarl Royals,B Parsons,KS Williamson,BC Fortuin,1,0,,,,,,,,,
1449656,2024/25,2025-01-27,"Boland Park, Paarl",1,4.6,Durban's Super Giants,Paarl Royals,KS Williamson,B Parsons,BC Fortuin,1,0,,,,,,,,,
1449656,2024/25,2025-01-27,"Boland Park, Paarl",1,5.1,Durban's Super Giants,Paarl Royals,KS Williamson,B Parsons,Mujeeb Ur Rahman,0,0,,,,,,,,,
1449656,2024/25,2025-01-27,"Boland Park, Paarl",1,5.2,Durban's Super Giants,Paarl Royals,KS Williamson,B Parsons,Mujeeb Ur Rahman,1,0,,,,,,,,,
1449656,2024/25,2025-01-27,"Boland Park, Paarl",1,5.3,Durban's Super Giants,Paarl Royals,B Parsons,KS Williamson,Mujeeb Ur Rahman,2,0,,,,,,,,,
1449656,2024/25,2025-01-27,"Boland Park, Paarl",1,5.4,Durban's Super Giants,Paarl Royals,B Parsons,KS Williamson,Mujeeb Ur Rahman,0,0,,,,,,,,,
1449656,2024/25,2025-01-27,"Boland Park, Paarl",1,5.5,Durban's Super Giants,Paarl Royals,B Parsons,KS Williamson,Mujeeb Ur Rahman,4,0,,,,,,,,,
1449656,2024/25,2025-01-27,"Boland Park, Paarl",1,5.6,Durban's Super Giants,Paarl Royals,B Parsons,KS Williamson,Mujeeb Ur Rahman,0,0,,,,,,,,,
1449656,2024/25,2025-01-27,"Boland Park, Paarl",1,6.1,Durban's Super Giants,Paarl Royals,KS Williamson,B Parsons,DN Wellalage,1,0,,,,,,,,,
1449656,2024/25,2025-01-27,"Boland Park, Paarl",1,6.2,Durban's Super Giants,Paarl Royals,B Parsons,KS Williamson,DN Wellalage,1,0,,,,,,,,,
1449656,2024/25,2025-01-27,"Boland Park, Paarl",1,6.3,Durban's Super Giants,Paarl Royals,KS Williamson,B Parsons,DN Wellalage,1,0,,,,,,,,,
1449656,2024/25,2025-01-27,"Boland Park, Paarl",1,6.4,Durban's Super Giants,Paarl Royals,B Parsons,KS Williamson,DN Wellalage,0,0,,,,,,caught,B Parsons,,
1449656,2024/25,2025-01-27,"Boland Park, Paarl",1,6.5,Durban's Super Giants,Paarl Royals,MP Stoinis,KS Williamson,DN Wellalage,1,0,,,,,,,,,
1449656,2024/25,2025-01-27,"Boland Park, Paarl",1,6.6,Durban's Super Giants,Paarl Royals,KS Williamson,MP Stoinis,DN Wellalage,0,0,,,,,,,,,
1449656,2024/25,2025-01-27,"Boland Park, Paarl",1,7.1,Durban's Super Giants,Paarl Royals,MP Stoinis,KS Williamson,Mujeeb Ur Rahman,4,0,,,,,,,,,
1449656,2024/25,2025-01-27,"Boland Park, Paarl",1,7.2,Durban's Super Giants,Paarl Royals,MP Stoinis,KS Williamson,Mujeeb Ur Rahman,0,0,,,,,,,,,
1449656,2024/25,2025-01-27,"Boland Park, Paarl",1,7.3,Durban's Super Giants,Paarl Royals,MP Stoinis,KS Williamson,Mujeeb Ur Rahman,0,0,,,,,,,,,
1449656,2024/25,2025-01-27,"Boland Park, Paarl",1,7.4,Durban's Super Giants,Paarl Royals,MP Stoinis,KS Williamson,Mujeeb Ur Rahman,1,0,,,,,,,,,
1449656,2024/25,2025-01-27,"Boland Park, Paarl",1,7.5,Durban's Super Giants,Paarl Royals,KS Williamson,MP Stoinis,Mujeeb Ur Rahman,4,0,,,,,,,,,
1449656,2024/25,2025-01-27,"Boland Park, Paarl",1,7.6,Durban's Super Giants,Paarl Royals,KS Williamson,MP Stoinis,Mujeeb Ur Rahman,1,0,,,,,,,,,
1449656,2024/25,2025-01-27,"Boland Park, Paarl",1,8.1,Durban's Super Giants,Paarl Royals,KS Williamson,MP Stoinis,DN Wellalage,1,0,,,,,,,,,
1449656,2024/25,2025-01-27,"Boland Park, Paarl",1,8.2,Durban's Super Giants,Paarl Royals,MP Stoinis,KS Williamson,DN Wellalage,1,0,,,,,,,,,
1449656,2024/25,2025-01-27,"Boland Park, Paarl",1,8.3,Durban's Super Giants,Paarl Royals,KS Williamson,MP Stoinis,DN Wellalage,1,0,,,,,,,,,
1449656,2024/25,2025-01-27,"Boland Park, Paarl",1,8.4,Durban's Super Giants,Paarl Royals,MP Stoinis,KS Williamson,DN Wellalage,1,0,,,,,,,,,
1449656,2024/25,2025-01-27,"Boland Park, Paarl",1,8.5,Durban's Super Giants,Paarl Royals,KS Williamson,MP Stoinis,DN Wellalage,0,2,2,,,,,,,,
1449656,2024/25,2025-01-27,"Boland Park, Paarl",1,8.6,Durban's Super Giants,Paarl Royals,MP Stoinis,KS Williamson,DN Wellalage,1,0,,,,,,,,,
1449656,2024/25,2025-01-27,"Boland Park, Paarl",1,8.7,Durban's Super Giants,Paarl Royals,KS Williamson,MP Stoinis,DN Wellalage,1,0,,,,,,,,,
1449656,2024/25,2025-01-27,"Boland Park, Paarl",1,9.1,Durban's Super Giants,Paarl Royals,KS Williamson,MP Stoinis,Dayyaan Galiem,0,0,,,,,,,,,
1449656,2024/25,2025-01-27,"Boland Park, Paarl",1,9.2,Durban's Super Giants,Paarl Royals,KS Williamson,MP Stoinis,Dayyaan Galiem,6,0,,,,,,,,,
1449656,2024/25,2025-01-27,"Boland Park, Paarl",1,9.3,Durban's Super Giants,Paarl Royals,KS Williamson,MP Stoinis,Dayyaan Galiem,4,0,,,,,,,,,
1449656,2024/25,2025-01-27,"Boland Park, Paarl",1,9.4,Durban's Super Giants,Paarl Royals,KS Williamson,MP Stoinis,Dayyaan Galiem,1,0,,,,,,,,,
1449656,2024/25,2025-01-27,"Boland Park, Paarl",1,9.5,Durban's Super Giants,Paarl Royals,MP Stoinis,KS Williamson,Dayyaan Galiem,1,0,,,,,,,,,
1449656,2024/25,2025-01-27,"Boland Park, Paarl",1,9.6,Durban's Super Giants,Paarl Royals,KS Williamson,MP Stoinis,Dayyaan Galiem,1,0,,,,,,,,,
1449656,2024/25,2025-01-27,"Boland Park, Paarl",1,10.1,Durban's Super Giants,Paarl Royals,KS Williamson,MP Stoinis,DN Wellalage,0,1,1,,,,,,,,
1449656,2024/25,2025-01-27,"Boland Park, Paarl",1,10.2,Durban's Super Giants,Paarl Royals,KS Williamson,MP Stoinis,DN Wellalage,0,0,,,,,,,,,
1449656,2024/25,2025-01-27,"Boland Park, Paarl",1,10.3,Durban's Super Giants,Paarl Royals,KS Williamson,MP Stoinis,DN Wellalage,1,0,,,,,,,,,
1449656,2024/25,2025-01-27,"Boland Park, Paarl",1,10.4,Durban's Super Giants,Paarl Royals,MP Stoinis,KS Williamson,DN Wellalage,0,0,,,,,,,,,
1449656,2024/25,2025-01-27,"Boland Park, Paarl",1,10.5,Durban's Super Giants,Paarl Royals,MP Stoinis,KS Williamson,DN Wellalage,0,0,,,,,,,,,
1449656,2024/25,2025-01-27,"Boland Park, Paarl",1,10.6,Durban's Super Giants,Paarl Royals,MP Stoinis,KS Williamson,DN Wellalage,4,0,,,,,,,,,
1449656,2024/25,2025-01-27,"Boland Park, Paarl",1,10.7,Durban's Super Giants,Paarl Royals,MP Stoinis,KS Williamson,DN Wellalage,0,0,,,,,,,,,
1449656,2024/25,2025-01-27,"Boland Park, Paarl",1,11.1,Durban's Super Giants,Paarl Royals,KS Williamson,MP Stoinis,JE Root,1,0,,,,,,,,,
1449656,2024/25,2025-01-27,"Boland Park, Paarl",1,11.2,Durban's Super Giants,Paarl Royals,MP Stoinis,KS Williamson,JE Root,1,0,,,,,,,,,
1449656,2024/25,2025-01-27,"Boland Park, Paarl",1,11.3,Durban's Super Giants,Paarl Royals,KS Williamson,MP Stoinis,JE Root,4,0,,,,,,,,,
1449656,2024/25,2025-01-27,"Boland Park, Paarl",1,11.4,Durban's Super Giants,Paarl Royals,KS Williamson,MP Stoinis,JE Root,0,0,,,,,,,,,
1449656,2024/25,2025-01-27,"Boland Park, Paarl",1,11.5,Durban's Super Giants,Paarl Royals,KS Williamson,MP Stoinis,JE Root,1,0,,,,,,,,,
1449656,2024/25,2025-01-27,"Boland Park, Paarl",1,11.6,Durban's Super Giants,Paarl Royals,MP Stoinis,KS Williamson,JE Root,1,0,,,,,,,,,
1449656,2024/25,2025-01-27,"Boland Park, Paarl",1,12.1,Durban's Super Giants,Paarl Royals,MP Stoinis,KS Williamson,BC Fortuin,0,0,,,,,,,,,
1449656,2024/25,2025-01-27,"Boland Park, Paarl",1,12.2,Durban's Super Giants,Paarl Royals,MP Stoinis,KS Williamson,BC Fortuin,1,0,,,,,,,,,
1449656,2024/25,2025-01-27,"Boland Park, Paarl",1,12.3,Durban's Super Giants,Paarl Royals,KS Williamson,MP Stoinis,BC Fortuin,4,0,,,,,,,,,
1449656,2024/25,2025-01-27,"Boland Park, Paarl",1,12.4,Durban's Super Giants,Paarl Royals,KS Williamson,MP Stoinis,BC Fortuin,1,0,,,,,,,,,
1449656,2024/25,2025-01-27,"Boland Park, Paarl",1,12.5,Durban's Super Giants,Paarl Royals,MP Stoinis,KS Williamson,BC Fortuin,1,0,,,,,,,,,
1449656,2024/25,2025-01-27,"Boland Park, Paarl",1,12.6,Durban's Super Giants,Paarl Royals,KS Williamson,MP Stoinis,BC Fortuin,0,0,,,,,,bowled,KS Williamson,,
1449656,2024/25,2025-01-27,"Boland Park, Paarl",1,13.1,Durban's Super Giants,Paarl Royals,MP Stoinis,H Klaasen,Mujeeb Ur Rahman,1,0,,,,,,,,,
1449656,2024/25,2025-01-27,"Boland Park, Paarl",1,13.2,Durban's Super Giants,Paarl Royals,H Klaasen,MP Stoinis,Mujeeb Ur Rahman,0,0,,,,,,,,,
1449656,2024/25,2025-01-27,"Boland Park, Paarl",1,13.3,Durban's Super Giants,Paarl Royals,H Klaasen,MP Stoinis,Mujeeb Ur Rahman,0,0,,,,,,,,,
1449656,2024/25,2025-01-27,"Boland Park, Paarl",1,13.4,Durban's Super Giants,Paarl Royals,H Klaasen,MP Stoinis,Mujeeb Ur Rahman,1,0,,,,,,,,,
1449656,2024/25,2025-01-27,"Boland Park, Paarl",1,13.5,Durban's Super Giants,Paarl Royals,MP Stoinis,H Klaasen,Mujeeb Ur Rahman,1,0,,,,,,,,,
1449656,2024/25,2025-01-27,"Boland Park, Paarl",1,13.6,Durban's Super Giants,Paarl Royals,H Klaasen,MP Stoinis,Mujeeb Ur Rahman,1,0,,,,,,,,,
1449656,2024/25,2025-01-27,"Boland Park, Paarl",1,14.1,Durban's Super Giants,Paarl Royals,H Klaasen,MP Stoinis,DN Wellalage,0,0,,,,,,,,,
1449656,2024/25,2025-01-27,"Boland Park, Paarl",1,14.2,Durban's Super Giants,Paarl Royals,H Klaasen,MP Stoinis,DN Wellalage,1,0,,,,,,,,,
1449656,2024/25,2025-01-27,"Boland Park, Paarl",1,14.3,Durban's Super Giants,Paarl Royals,MP Stoinis,H Klaasen,DN Wellalage,4,0,,,,,,,,,
1449656,2024/25,2025-01-27,"Boland Park, Paarl",1,14.4,Durban's Super Giants,Paarl Royals,MP Stoinis,H Klaasen,DN Wellalage,0,0,,,,,,,,,
1449656,2024/25,2025-01-27,"Boland Park, Paarl",1,14.5,Durban's Super Giants,Paarl Royals,MP Stoinis,H Klaasen,DN Wellalage,1,0,,,,,,,,,
1449656,2024/25,2025-01-27,"Boland Park, Paarl",1,14.6,Durban's Super Giants,Paarl Royals,H Klaasen,MP Stoinis,DN Wellalage,0,0,,,,,,,,,
1449656,2024/25,2025-01-27,"Boland Park, Paarl",1,15.1,Durban's Super Giants,Paarl Royals,MP Stoinis,H Klaasen,JE Root,1,0,,,,,,,,,
1449656,2024/25,2025-01-27,"Boland Park, Paarl",1,15.2,Durban's Super Giants,Paarl Royals,H Klaasen,MP Stoinis,JE Root,1,0,,,,,,,,,
1449656,2024/25,2025-01-27,"Boland Park, Paarl",1,15.3,Durban's Super Giants,Paarl Royals,MP Stoinis,H Klaasen,JE Root,1,0,,,,,,,,,
1449656,2024/25,2025-01-27,"Boland Park, Paarl",1,15.4,Durban's Super Giants,Paarl Royals,H Klaasen,MP Stoinis,JE Root,1,0,,,,,,,,,
1449656,2024/25,2025-01-27,"Boland Park, Paarl",1,15.5,Durban's Super Giants,Paarl Royals,MP Stoinis,H Klaasen,JE Root,0,0,,,,,,,,,
1449656,2024/25,2025-01-27,"Boland Park, Paarl",1,15.6,Durban's Super Giants,Paarl Royals,MP Stoinis,H Klaasen,JE Root,1,0,,,,,,,,,
1449656,2024/25,2025-01-27,"Boland Park, Paarl",1,16.1,Durban's Super Giants,Paarl Royals,MP Stoinis,H Klaasen,KT Maphaka,1,0,,,,,,,,,
1449656,2024/25,2025-01-27,"Boland Park, Paarl",1,16.2,Durban's Super Giants,Paarl Royals,H Klaasen,MP Stoinis,KT Maphaka,4,0,,,,,,,,,
1449656,2024/25,2025-01-27,"Boland Park, Paarl",1,16.3,Durban's Super Giants,Paarl Royals,H Klaasen,MP Stoinis,KT Maphaka,0,0,,,,,,,,,
1449656,2024/25,2025-01-27,"Boland Park, Paarl",1,16.4,Durban's Super Giants,Paarl Royals,H Klaasen,MP Stoinis,KT Maphaka,0,0,,,,,,,,,
1449656,2024/25,2025-01-27,"Boland Park, Paarl",1,16.5,Durban's Super Giants,Paarl Royals,H Klaasen,MP Stoinis,KT Maphaka,4,0,,,,,,,,,
1449656,2024/25,2025-01-27,"Boland Park, Paarl",1,16.6,Durban's Super Giants,Paarl Royals,H Klaasen,MP Stoinis,KT Maphaka,0,0,,,,,,caught and bowled,H Klaasen,,
1449656,2024/25,2025-01-27,"Boland Park, Paarl",1,17.1,Durban's Super Giants,Paarl Royals,MP Stoinis,PWA Mulder,JE Root,2,0,,,,,,,,,
1449656,2024/25,2025-01-27,"Boland Park, Paarl",1,17.2,Durban's Super Giants,Paarl Royals,MP Stoinis,PWA Mulder,JE Root,6,0,,,,,,,,,
1449656,2024/25,2025-01-27,"Boland Park, Paarl",1,17.3,Durban's Super Giants,Paarl Royals,MP Stoinis,PWA Mulder,JE Root,4,0,,,,,,,,,
1449656,2024/25,2025-01-27,"Boland Park, Paarl",1,17.4,Durban's Super Giants,Paarl Royals,MP Stoinis,PWA Mulder,JE Root,6,0,,,,,,,,,
1449656,2024/25,2025-01-27,"Boland Park, Paarl",1,17.5,Durban's Super Giants,Paarl Royals,MP Stoinis,PWA Mulder,JE Root,1,0,,,,,,,,,
1449656,2024/25,2025-01-27,"Boland Park, Paarl",1,17.6,Durban's Super Giants,Paarl Royals,PWA Mulder,MP Stoinis,JE Root,1,0,,,,,,,,,
1449656,2024/25,2025-01-27,"Boland Park, Paarl",1,18.1,Durban's Super Giants,Paarl Royals,PWA Mulder,MP Stoinis,KT Maphaka,0,1,,,,1,,,,,
1449656,2024/25,2025-01-27,"Boland Park, Paarl",1,18.2,Durban's Super Giants,Paarl Royals,MP Stoinis,PWA Mulder,KT Maphaka,1,0,,,,,,,,,
1449656,2024/25,2025-01-27,"Boland Park, Paarl",1,18.3,Durban's Super Giants,Paarl Royals,PWA Mulder,MP Stoinis,KT Maphaka,0,0,,,,,,,,,
1449656,2024/25,2025-01-27,"Boland Park, Paarl",1,18.4,Durban's Super Giants,Paarl Royals,PWA Mulder,MP Stoinis,KT Maphaka,0,4,,,4,,,,,,
1449656,2024/25,2025-01-27,"Boland Park, Paarl",1,18.5,Durban's Super Giants,Paarl Royals,PWA Mulder,MP Stoinis,KT Maphaka,1,0,,,,,,,,,
1449656,2024/25,2025-01-27,"Boland Park, Paarl",1,18.6,Durban's Super Giants,Paarl Royals,MP Stoinis,PWA Mulder,KT Maphaka,1,0,,,,,,,,,
1449656,2024/25,2025-01-27,"Boland Park, Paarl",1,19.1,Durban's Super Giants,Paarl Royals,MP Stoinis,PWA Mulder,Mujeeb Ur Rahman,0,0,,,,,,,,,
1449656,2024/25,2025-01-27,"Boland Park, Paarl",1,19.2,Durban's Super Giants,Paarl Royals,MP Stoinis,PWA Mulder,Mujeeb Ur Rahman,0,0,,,,,,run out,PWA Mulder,,
1449656,2024/25,2025-01-27,"Boland Park, Paarl",1,19.3,Durban's Super Giants,Paarl Royals,MP Stoinis,JT Smuts,Mujeeb Ur Rahman,4,0,,,,,,,,,
1449656,2024/25,2025-01-27,"Boland Park, Paarl",1,19.4,Durban's Super Giants,Paarl Royals,MP Stoinis,JT Smuts,Mujeeb Ur Rahman,0,0,,,,,,,,,
1449656,2024/25,2025-01-27,"Boland Park, Paarl",1,19.5,Durban's Super Giants,Paarl Royals,MP Stoinis,JT Smuts,Mujeeb Ur Rahman,1,0,,,,,,,,,
1449656,2024/25,2025-01-27,"Boland Park, Paarl",1,19.6,Durban's Super Giants,Paarl Royals,JT Smuts,MP Stoinis,Mujeeb Ur Rahman,0,0,,,,,,bowled,JT Smuts,,
1449656,2024/25,2025-01-27,"Boland Park, Paarl",2,0.1,Paarl Royals,Durban's Super Giants,JE Root,LG Pretorius,P Subrayen,0,0,,,,,,lbw,JE Root,,
1449656,2024/25,2025-01-27,"Boland Park, Paarl",2,0.2,Paarl Royals,Durban's Super Giants,RA Herman,LG Pretorius,P Subrayen,0,0,,,,,,,,,
1449656,2024/25,2025-01-27,"Boland Park, Paarl",2,0.3,Paarl Royals,Durban's Super Giants,RA Herman,LG Pretorius,P Subrayen,2,0,,,,,,,,,
1449656,2024/25,2025-01-27,"Boland Park, Paarl",2,0.4,Paarl Royals,Durban's Super Giants,RA Herman,LG Pretorius,P Subrayen,4,0,,,,,,,,,
1449656,2024/25,2025-01-27,"Boland Park, Paarl",2,0.5,Paarl Royals,Durban's Super Giants,RA Herman,LG Pretorius,P Subrayen,0,0,,,,,,,,,
1449656,2024/25,2025-01-27,"Boland Park, Paarl",2,0.6,Paarl Royals,Durban's Super Giants,RA Herman,LG Pretorius,P Subrayen,0,0,,,,,,,,,
1449656,2024/25,2025-01-27,"Boland Park, Paarl",2,1.1,Paarl Royals,Durban's Super Giants,LG Pretorius,RA Herman,JT Smuts,1,0,,,,,,,,,
1449656,2024/25,2025-01-27,"Boland Park, Paarl",2,1.2,Paarl Royals,Durban's Super Giants,RA Herman,LG Pretorius,JT Smuts,0,0,,,,,,,,,
1449656,2024/25,2025-01-27,"Boland Park, Paarl",2,1.3,Paarl Royals,Durban's Super Giants,RA Herman,LG Pretorius,JT Smuts,1,0,,,,,,,,,
1449656,2024/25,2025-01-27,"Boland Park, Paarl",2,1.4,Paarl Royals,Durban's Super Giants,LG Pretorius,RA Herman,JT Smuts,0,0,,,,,,,,,
1449656,2024/25,2025-01-27,"Boland Park, Paarl",2,1.5,Paarl Royals,Durban's Super Giants,LG Pretorius,RA Herman,JT Smuts,6,0,,,,,,,,,
1449656,2024/25,2025-01-27,"Boland Park, Paarl",2,1.6,Paarl Royals,Durban's Super Giants,LG Pretorius,RA Herman,JT Smuts,0,0,,,,,,,,,
1449656,2024/25,2025-01-27,"Boland Park, Paarl",2,2.1,Paarl Royals,Durban's Super Giants,RA Herman,LG Pretorius,KA Maharaj,2,0,,,,,,,,,
1449656,2024/25,2025-01-27,"Boland Park, Paarl",2,2.2,Paarl Royals,Durban's Super Giants,RA Herman,LG Pretorius,KA Maharaj,2,0,,,,,,,,,
1449656,2024/25,2025-01-27,"Boland Park, Paarl",2,2.3,Paarl Royals,Durban's Super Giants,RA Herman,LG Pretorius,KA Maharaj,0,0,,,,,,,,,
1449656,2024/25,2025-01-27,"Boland Park, Paarl",2,2.4,Paarl Royals,Durban's Super Giants,RA Herman,LG Pretorius,KA Maharaj,0,0,,,,,,,,,
1449656,2024/25,2025-01-27,"Boland Park, Paarl",2,2.5,Paarl Royals,Durban's Super Giants,RA Herman,LG Pretorius,KA Maharaj,0,1,1,,,,,,,,
1449656,2024/25,2025-01-27,"Boland Park, Paarl",2,2.6,Paarl Royals,Durban's Super Giants,RA Herman,LG Pretorius,KA Maharaj,1,0,,,,,,,,,
1449656,2024/25,2025-01-27,"Boland Park, Paarl",2,2.7,Paarl Royals,Durban's Super Giants,LG Pretorius,RA Herman,KA Maharaj,4,0,,,,,,,,,
1449656,2024/25,2025-01-27,"Boland Park, Paarl",2,3.1,Paarl Royals,Durban's Super Giants,RA Herman,LG Pretorius,P Subrayen,2,0,,,,,,,,,
1449656,2024/25,2025-01-27,"Boland Park, Paarl",2,3.2,Paarl Royals,Durban's Super Giants,RA Herman,LG Pretorius,P Subrayen,0,0,,,,,,,,,
1449656,2024/25,2025-01-27,"Boland Park, Paarl",2,3.3,Paarl Royals,Durban's Super Giants,RA Herman,LG Pretorius,P Subrayen,1,0,,,,,,,,,
1449656,2024/25,2025-01-27,"Boland Park, Paarl",2,3.4,Paarl Royals,Durban's Super Giants,LG Pretorius,RA Herman,P Subrayen,1,0,,,,,,,,,
1449656,2024/25,2025-01-27,"Boland Park, Paarl",2,3.5,Paarl Royals,Durban's Super Giants,RA Herman,LG Pretorius,P Subrayen,0,0,,,,,,,,,
1449656,2024/25,2025-01-27,"Boland Park, Paarl",2,3.6,Paarl Royals,Durban's Super Giants,RA Herman,LG Pretorius,P Subrayen,0,0,,,,,,,,,
1449656,2024/25,2025-01-27,"Boland Park, Paarl",2,4.1,Paarl Royals,Durban's Super Giants,LG Pretorius,RA Herman,Noor Ahmad,1,0,,,,,,,,,
1449656,2024/25,2025-01-27,"Boland Park, Paarl",2,4.2,Paarl Royals,Durban's Super Giants,RA Herman,LG Pretorius,Noor Ahmad,4,0,,,,,,,,,
1449656,2024/25,2025-01-27,"Boland Park, Paarl",2,4.3,Paarl Royals,Durban's Super Giants,RA Herman,LG Pretorius,Noor Ahmad,0,0,,,,,,,,,
1449656,2024/25,2025-01-27,"Boland Park, Paarl",2,4.4,Paarl Royals,Durban's Super Giants,RA Herman,LG Pretorius,Noor Ahmad,0,0,,,,,,,,,
1449656,2024/25,2025-01-27,"Boland Park, Paarl",2,4.5,Paarl Royals,Durban's Super Giants,RA Herman,LG Pretorius,Noor Ahmad,0,0,,,,,,,,,
1449656,2024/25,2025-01-27,"Boland Park, Paarl",2,4.6,Paarl Royals,Durban's Super Giants,RA Herman,LG Pretorius,Noor Ahmad,0,0,,,,,,,,,
1449656,2024/25,2025-01-27,"Boland Park, Paarl",2,5.1,Paarl Royals,Durban's Super Giants,LG Pretorius,RA Herman,P Subrayen,1,0,,,,,,,,,
1449656,2024/25,2025-01-27,"Boland Park, Paarl",2,5.2,Paarl Royals,Durban's Super Giants,RA Herman,LG Pretorius,P Subrayen,1,0,,,,,,,,,
1449656,2024/25,2025-01-27,"Boland Park, Paarl",2,5.3,Paarl Royals,Durban's Super Giants,LG Pretorius,RA Herman,P Subrayen,1,0,,,,,,,,,
1449656,2024/25,2025-01-27,"Boland Park, Paarl",2,5.4,Paarl Royals,Durban's Super Giants,RA Herman,LG Pretorius,P Subrayen,1,0,,,,,,,,,
1449656,2024/25,2025-01-27,"Boland Park, Paarl",2,5.5,Paarl Royals,Durban's Super Giants,LG Pretorius,RA Herman,P Subrayen,0,0,,,,,,,,,
1449656,2024/25,2025-01-27,"Boland Park, Paarl",2,5.6,Paarl Royals,Durban's Super Giants,LG Pretorius,RA Herman,P Subrayen,4,0,,,,,,,,,
1449656,2024/25,2025-01-27,"Boland Park, Paarl",2,6.1,Paarl Royals,Durban's Super Giants,RA Herman,LG Pretorius,KA Maharaj,0,0,,,,,,,,,
1449656,2024/25,2025-01-27,"Boland Park, Paarl",2,6.2,Paarl Royals,Durban's Super Giants,RA Herman,LG Pretorius,KA Maharaj,1,0,,,,,,,,,
1449656,2024/25,2025-01-27,"Boland Park, Paarl",2,6.3,Paarl Royals,Durban's Super Giants,LG Pretorius,RA Herman,KA Maharaj,0,0,,,,,,,,,
1449656,2024/25,2025-01-27,"Boland Park, Paarl",2,6.4,Paarl Royals,Durban's Super Giants,LG Pretorius,RA Herman,KA Maharaj,1,0,,,,,,,,,
1449656,2024/25,2025-01-27,"Boland Park, Paarl",2,6.5,Paarl Royals,Durban's Super Giants,RA Herman,LG Pretorius,KA Maharaj,0,0,,,,,,,,,
1449656,2024/25,2025-01-27,"Boland Park, Paarl",2,6.6,Paarl Royals,Durban's Super Giants,RA Herman,LG Pretorius,KA Maharaj,1,0,,,,,,,,,
1449656,2024/25,2025-01-27,"Boland Park, Paarl",2,7.1,Paarl Royals,Durban's Super Giants,RA Herman,LG Pretorius,Noor Ahmad,2,0,,,,,,,,,
1449656,2024/25,2025-01-27,"Boland Park, Paarl",2,7.2,Paarl Royals,Durban's Super Giants,RA Herman,LG Pretorius,Noor Ahmad,4,0,,,,,,,,,
1449656,2024/25,2025-01-27,"Boland Park, Paarl",2,7.3,Paarl Royals,Durban's Super Giants,RA Herman,LG Pretorius,Noor Ahmad,2,0,,,,,,,,,
1449656,2024/25,2025-01-27,"Boland Park, Paarl",2,7.4,Paarl Royals,Durban's Super Giants,RA Herman,LG Pretorius,Noor Ahmad,0,0,,,,,,,,,
1449656,2024/25,2025-01-27,"Boland Park, Paarl",2,7.5,Paarl Royals,Durban's Super Giants,RA Herman,LG Pretorius,Noor Ahmad,1,0,,,,,,,,,
1449656,2024/25,2025-01-27,"Boland Park, Paarl",2,7.6,Paarl Royals,Durban's Super Giants,LG Pretorius,RA Herman,Noor Ahmad,1,0,,,,,,,,,
1449656,2024/25,2025-01-27,"Boland Park, Paarl",2,8.1,Paarl Royals,Durban's Super Giants,LG Pretorius,RA Herman,KA Maharaj,1,0,,,,,,,,,
1449656,2024/25,2025-01-27,"Boland Park, Paarl",2,8.2,Paarl Royals,Durban's Super Giants,RA Herman,LG Pretorius,KA Maharaj,6,0,,,,,,,,,
1449656,2024/25,2025-01-27,"Boland Park, Paarl",2,8.3,Paarl Royals,Durban's Super Giants,RA Herman,LG Pretorius,KA Maharaj,0,0,,,,,,,,,
1449656,2024/25,2025-01-27,"Boland Park, Paarl",2,8.4,Paarl Royals,Durban's Super Giants,RA Herman,LG Pretorius,KA Maharaj,2,0,,,,,,,,,
1449656,2024/25,2025-01-27,"Boland Park, Paarl",2,8.5,Paarl Royals,Durban's Super Giants,RA Herman,LG Pretorius,KA Maharaj,1,0,,,,,,,,,
1449656,2024/25,2025-01-27,"Boland Park, Paarl",2,8.6,Paarl Royals,Durban's Super Giants,LG Pretorius,RA Herman,KA Maharaj,0,0,,,,,,,,,
1449656,2024/25,2025-01-27,"Boland Park, Paarl",2,9.1,Paarl Royals,Durban's Super Giants,RA Herman,LG Pretorius,P Subrayen,0,0,,,,,,,,,
1449656,2024/25,2025-01-27,"Boland Park, Paarl",2,9.2,Paarl Royals,Durban's Super Giants,RA Herman,LG Pretorius,P Subrayen,0,0,,,,,,,,,
1449656,2024/25,2025-01-27,"Boland Park, Paarl",2,9.3,Paarl Royals,Durban's Super Giants,RA Herman,LG Pretorius,P Subrayen,4,0,,,,,,,,,
1449656,2024/25,2025-01-27,"Boland Park, Paarl",2,9.4,Paarl Royals,Durban's Super Giants,RA Herman,LG Pretorius,P Subrayen,2,0,,,,,,,,,
1449656,2024/25,2025-01-27,"Boland Park, Paarl",2,9.5,Paarl Royals,Durban's Super Giants,RA Herman,LG Pretorius,P Subrayen,1,0,,,,,,,,,
1449656,2024/25,2025-01-27,"Boland Park, Paarl",2,9.6,Paarl Royals,Durban's Super Giants,LG Pretorius,RA Herman,P Subrayen,1,0,,,,,,,,,
1449656,2024/25,2025-01-27,"Boland Park, Paarl",2,10.1,Paarl Royals,Durban's Super Giants,LG Pretorius,RA Herman,MP Stoinis,0,0,,,,,,,,,
1449656,2024/25,2025-01-27,"Boland Park, Paarl",2,10.2,Paarl Royals,Durban's Super Giants,LG Pretorius,RA Herman,MP Stoinis,1,0,,,,,,,,,
1449656,2024/25,2025-01-27,"Boland Park, Paarl",2,10.3,Paarl Royals,Durban's Super Giants,RA Herman,LG Pretorius,MP Stoinis,0,0,,,,,,,,,
1449656,2024/25,2025-01-27,"Boland Park, Paarl",2,10.4,Paarl Royals,Durban's Super Giants,RA Herman,LG Pretorius,MP Stoinis,1,0,,,,,,,,,
1449656,2024/25,2025-01-27,"Boland Park, Paarl",2,10.5,Paarl Royals,Durban's Super Giants,LG Pretorius,RA Herman,MP Stoinis,1,0,,,,,,,,,
1449656,2024/25,2025-01-27,"Boland Park, Paarl",2,10.6,Paarl Royals,Durban's Super Giants,RA Herman,LG Pretorius,MP Stoinis,1,0,,,,,,,,,
1449656,2024/25,2025-01-27,"Boland Park, Paarl",2,11.1,Paarl Royals,Durban's Super Giants,RA Herman,LG Pretorius,Noor Ahmad,1,0,,,,,,,,,
1449656,2024/25,2025-01-27,"Boland Park, Paarl",2,11.2,Paarl Royals,Durban's Super Giants,LG Pretorius,RA Herman,Noor Ahmad,0,0,,,,,,,,,
1449656,2024/25,2025-01-27,"Boland Park, Paarl",2,11.3,Paarl Royals,Durban's Super Giants,LG Pretorius,RA Herman,Noor Ahmad,2,0,,,,,,,,,
1449656,2024/25,2025-01-27,"Boland Park, Paarl",2,11.4,Paarl Royals,Durban's Super Giants,LG Pretorius,RA Herman,Noor Ahmad,1,0,,,,,,,,,
1449656,2024/25,2025-01-27,"Boland Park, Paarl",2,11.5,Paarl Royals,Durban's Super Giants,RA Herman,LG Pretorius,Noor Ahmad,0,0,,,,,,,,,
1449656,2024/25,2025-01-27,"Boland Park, Paarl",2,11.6,Paarl Royals,Durban's Super Giants,RA Herman,LG Pretorius,Noor Ahmad,1,0,,,,,,,,,
1449656,2024/25,2025-01-27,"Boland Park, Paarl",2,12.1,Paarl Royals,Durban's Super Giants,RA Herman,LG Pretorius,MP Stoinis,1,0,,,,,,,,,
1449656,2024/25,2025-01-27,"Boland Park, Paarl",2,12.2,Paarl Royals,Durban's Super Giants,LG Pretorius,RA Herman,MP Stoinis,2,0,,,,,,,,,
1449656,2024/25,2025-01-27,"Boland Park, Paarl",2,12.3,Paarl Royals,Durban's Super Giants,LG Pretorius,RA Herman,MP Stoinis,1,0,,,,,,,,,
1449656,2024/25,2025-01-27,"Boland Park, Paarl",2,12.4,Paarl Royals,Durban's Super Giants,RA Herman,LG Pretorius,MP Stoinis,6,0,,,,,,,,,
1449656,2024/25,2025-01-27,"Boland Park, Paarl",2,12.5,Paarl Royals,Durban's Super Giants,RA Herman,LG Pretorius,MP Stoinis,0,0,,,,,,caught,RA Herman,,
1449656,2024/25,2025-01-27,"Boland Park, Paarl",2,12.6,Paarl Royals,Durban's Super Giants,M Van Buuren,LG Pretorius,MP Stoinis,1,0,,,,,,,,,
1449656,2024/25,2025-01-27,"Boland Park, Paarl",2,13.1,Paarl Royals,Durban's Super Giants,M Van Buuren,LG Pretorius,PWA Mulder,0,0,,,,,,,,,
1449656,2024/25,2025-01-27,"Boland Park, Paarl",2,13.2,Paarl Royals,Durban's Super Giants,M Van Buuren,LG Pretorius,PWA Mulder,0,0,,,,,,,,,
1449656,2024/25,2025-01-27,"Boland Park, Paarl",2,13.3,Paarl Royals,Durban's Super Giants,M Van Buuren,LG Pretorius,PWA Mulder,0,1,1,,,,,,,,
1449656,2024/25,2025-01-27,"Boland Park, Paarl",2,13.4,Paarl Royals,Durban's Super Giants,M Van Buuren,LG Pretorius,PWA Mulder,0,0,,,,,,,,,
1449656,2024/25,2025-01-27,"Boland Park, Paarl",2,13.5,Paarl Royals,Durban's Super Giants,M Van Buuren,LG Pretorius,PWA Mulder,1,0,,,,,,,,,
1449656,2024/25,2025-01-27,"Boland Park, Paarl",2,13.6,Paarl Royals,Durban's Super Giants,LG Pretorius,M Van Buuren,PWA Mulder,4,0,,,,,,,,,
1449656,2024/25,2025-01-27,"Boland Park, Paarl",2,13.7,Paarl Royals,Durban's Super Giants,LG Pretorius,M Van Buuren,PWA Mulder,4,0,,,,,,,,,
1449656,2024/25,2025-01-27,"Boland Park, Paarl",2,14.1,Paarl Royals,Durban's Super Giants,M Van Buuren,LG Pretorius,KA Maharaj,1,0,,,,,,,,,
1449656,2024/25,2025-01-27,"Boland Park, Paarl",2,14.2,Paarl Royals,Durban's Super Giants,LG Pretorius,M Van Buuren,KA Maharaj,4,0,,,,,,,,,
1449656,2024/25,2025-01-27,"Boland Park, Paarl",2,14.3,Paarl Royals,Durban's Super Giants,LG Pretorius,M Van Buuren,KA Maharaj,0,0,,,,,,bowled,LG Pretorius,,
1449656,2024/25,2025-01-27,"Boland Park, Paarl",2,14.4,Paarl Royals,Durban's Super Giants,KD Karthik,M Van Buuren,KA Maharaj,0,0,,,,,,,,,
1449656,2024/25,2025-01-27,"Boland Park, Paarl",2,14.5,Paarl Royals,Durban's Super Giants,KD Karthik,M Van Buuren,KA Maharaj,1,0,,,,,,,,,
1449656,2024/25,2025-01-27,"Boland Park, Paarl",2,14.6,Paarl Royals,Durban's Super Giants,M Van Buuren,KD Karthik,KA Maharaj,1,0,,,,,,,,,
1449656,2024/25,2025-01-27,"Boland Park, Paarl",2,15.1,Paarl Royals,Durban's Super Giants,M Van Buuren,KD Karthik,Noor Ahmad,1,0,,,,,,,,,
1449656,2024/25,2025-01-27,"Boland Park, Paarl",2,15.2,Paarl Royals,Durban's Super Giants,KD Karthik,M Van Buuren,Noor Ahmad,0,0,,,,,,,,,
1449656,2024/25,2025-01-27,"Boland Park, Paarl",2,15.3,Paarl Royals,Durban's Super Giants,KD Karthik,M Van Buuren,Noor Ahmad,1,0,,,,,,,,,
1449656,2024/25,2025-01-27,"Boland Park, Paarl",2,15.4,Paarl Royals,Durban's Super Giants,M Van Buuren,KD Karthik,Noor Ahmad,2,0,,,,,,,,,
1449656,2024/25,2025-01-27,"Boland Park, Paarl",2,15.5,Paarl Royals,Durban's Super Giants,M Van Buuren,KD Karthik,Noor Ahmad,1,0,,,,,,,,,
1449656,2024/25,2025-01-27,"Boland Park, Paarl",2,15.6,Paarl Royals,Durban's Super Giants,KD Karthik,M Van Buuren,Noor Ahmad,0,0,,,,,,,,,
1449656,2024/25,2025-01-27,"Boland Park, Paarl",2,16.1,Paarl Royals,Durban's Super Giants,M Van Buuren,KD Karthik,JT Smuts,1,0,,,,,,,,,
1449656,2024/25,2025-01-27,"Boland Park, Paarl",2,16.2,Paarl Royals,Durban's Super Giants,KD Karthik,M Van Buuren,JT Smuts,1,0,,,,,,,,,
1449656,2024/25,2025-01-27,"Boland Park, Paarl",2,16.3,Paarl Royals,Durban's Super Giants,M Van Buuren,KD Karthik,JT Smuts,1,0,,,,,,,,,
1449656,2024/25,2025-01-27,"Boland Park, Paarl",2,16.4,Paarl Royals,Durban's Super Giants,KD Karthik,M Van Buuren,JT Smuts,2,0,,,,,,,,,
1449656,2024/25,2025-01-27,"Boland Park, Paarl",2,16.5,Paarl Royals,Durban's Super Giants,KD Karthik,M Van Buuren,JT Smuts,1,0,,,,,,,,,
1449656,2024/25,2025-01-27,"Boland Park, Paarl",2,16.6,Paarl Royals,Durban's Super Giants,M Van Buuren,KD Karthik,JT Smuts,0,0,,,,,,,,,
1449656,2024/25,2025-01-27,"Boland Park, Paarl",2,17.1,Paarl Royals,Durban's Super Giants,KD Karthik,M Van Buuren,MP Stoinis,6,0,,,,,,,,,
1449656,2024/25,2025-01-27,"Boland Park, Paarl",2,17.2,Paarl Royals,Durban's Super Giants,KD Karthik,M Van Buuren,MP Stoinis,0,0,,,,,,,,,
1449656,2024/25,2025-01-27,"Boland Park, Paarl",2,17.3,Paarl Royals,Durban's Super Giants,KD Karthik,M Van Buuren,MP Stoinis,1,0,,,,,,,,,
1449656,2024/25,2025-01-27,"Boland Park, Paarl",2,17.4,Paarl Royals,Durban's Super Giants,M Van Buuren,KD Karthik,PWA Mulder,0,0,,,,,,,,,
1449656,2024/25,2025-01-27,"Boland Park, Paarl",2,17.5,Paarl Royals,Durban's Super Giants,M Van Buuren,KD Karthik,PWA Mulder,1,0,,,,,,,,,
1449656,2024/25,2025-01-27,"Boland Park, Paarl",2,17.6,Paarl Royals,Durban's Super Giants,KD Karthik,M Van Buuren,PWA Mulder,2,0,,,,,,,,,
1449656,2024/25,2025-01-27,"Boland Park, Paarl",2,18.1,Paarl Royals,Durban's Super Giants,M Van Buuren,KD Karthik,JT Smuts,1,0,,,,,,,,,
1449656,2024/25,2025-01-27,"Boland Park, Paarl",2,18.2,Paarl Royals,Durban's Super Giants,KD Karthik,M Van Buuren,JT Smuts,0,0,,,,,,,,,
1449656,2024/25,2025-01-27,"Boland Park, Paarl",2,18.3,Paarl Royals,Durban's Super Giants,KD Karthik,M Van Buuren,JT Smuts,6,0,,,,,,,,,
1449656,2024/25,2025-01-27,"Boland Park, Paarl",2,18.4,Paarl Royals,Durban's Super Giants,KD Karthik,M Van Buuren,JT Smuts,0,0,,,,,,caught,KD Karthik,,
1449656,2024/25,2025-01-27,"Boland Park, Paarl",2,18.5,Paarl Royals,Durban's Super Giants,Dayyaan Galiem,M Van Buuren,JT Smuts,0,0,,,,,,,,,
1449656,2024/25,2025-01-27,"Boland Park, Paarl",2,18.6,Paarl Royals,Durban's Super Giants,Dayyaan Galiem,M Van Buuren,JT Smuts,1,0,,,,,,,,,
1449656,2024/25,2025-01-27,"Boland Park, Paarl",2,19.1,Paarl Royals,Durban's Super Giants,Dayyaan Galiem,M Van Buuren,PWA Mulder,0,0,,,,,,,,,
1449656,2024/25,2025-01-27,"Boland Park, Paarl",2,19.2,Paarl Royals,Durban's Super Giants,Dayyaan Galiem,M Van Buuren,PWA Mulder,1,0,,,,,,,,,
1449656,2024/25,2025-01-27,"Boland Park, Paarl",2,19.3,Paarl Royals,Durban's Super Giants,M Van Buuren,Dayyaan Galiem,PWA Mulder,1,0,,,,,,,,,
1449656,2024/25,2025-01-27,"Boland Park, Paarl",2,19.4,Paarl Royals,Durban's Super Giants,Dayyaan Galiem,M Van Buuren,PWA Mulder,0,1,1,,,,,,,,
1449656,2024/25,2025-01-27,"Boland Park, Paarl",2,19.5,Paarl Royals,Durban's Super Giants,Dayyaan Galiem,M Van Buuren,PWA Mulder,0,0,,,,,,,,,
1449656,2024/25,2025-01-27,"Boland Park, Paarl",2,19.6,Paarl Royals,Durban's Super Giants,Dayyaan Galiem,M Van Buuren,PWA Mulder,6,0,,,,,,,,,
